Time,Humidity
2024-11-26 00:00:00,87 %
2024-11-26 00:15:00,87 %
2024-11-26 00:30:00,87 %
2024-11-26 00:45:00,87 %
2024-11-26 01:01:00,86 %
2024-11-26 01:16:00,86 %
2024-11-26 01:31:00,86 %
2024-11-26 01:46:00,86 %
2024-11-26 02:01:00,86 %
2024-11-26 02:16:00,86 %
2024-11-26 02:32:00,86 %
2024-11-26 02:47:00,84 %
2024-11-26 03:02:00,84 %
2024-11-26 03:17:00,84 %
2024-11-26 03:32:00,84 %
2024-11-26 03:47:00,86 %
2024-11-26 04:02:00,86 %
2024-11-26 04:18:00,86 %
2024-11-26 04:33:00,88 %
2024-11-26 04:48:00,89 %
2024-11-26 05:03:00,89 %
2024-11-26 05:18:00,90 %
2024-11-26 05:33:00,90 %
2024-11-26 05:49:00,90 %
2024-11-26 06:04:00,80 %
2024-11-26 06:19:00,81 %
2024-11-26 06:34:00,90 %
2024-11-26 06:49:00,90 %
2024-11-26 07:04:00,80 %
2024-11-26 07:20:00,80 %
2024-11-26 07:35:00,80 %
2024-11-26 07:50:00,89 %
2024-11-26 08:05:00,89 %
2024-11-26 08:20:00,89 %
2024-11-26 08:35:00,89 %
2024-11-26 08:51:00,88 %
2024-11-26 09:06:00,84 %
2024-11-26 09:21:00,83 %
2024-11-26 09:36:00,81 %
2024-11-26 09:51:00,80 %
2024-11-26 10:06:00,80 %
2024-11-26 10:22:00,80 %
2024-11-26 10:37:00,76 %
2024-11-26 10:52:00,77 %
2024-11-26 11:07:00,70 %
2024-11-26 11:22:00,70 %
2024-11-26 11:37:00,77 %
2024-11-26 11:53:00,76 %
2024-11-26 12:08:00,76 %
2024-11-26 12:23:00,75 %
2024-11-26 12:38:00,73 %
2024-11-26 12:53:00,70 %
2024-11-26 13:08:00,70 %
2024-11-26 13:23:00,72 %
2024-11-26 13:39:00,70 %
2024-11-26 13:54:00,69 %
2024-11-26 14:09:00,73 %
2024-11-26 14:24:00,73 %
2024-11-26 14:39:00,71 %
2024-11-26 14:54:00,71 %
2024-11-26 15:10:00,71 %
2024-11-26 15:25:00,70 %
2024-11-26 15:40:00,71 %
2024-11-26 15:55:00,74 %
2024-11-26 16:10:00,79 %
2024-11-26 16:25:00,74 %
2024-11-26 16:41:00,70 %
2024-11-26 16:56:00,71 %
2024-11-26 17:11:00,71 %
2024-11-26 17:26:00,72 %
2024-11-26 17:41:00,72 %
2024-11-26 17:56:00,72 %
2024-11-26 18:12:00,73 %
2024-11-26 18:27:00,73 %
2024-11-26 18:42:00,74 %
2024-11-26 18:57:00,76 %
2024-11-26 19:12:00,76 %
2024-11-26 19:27:00,76 %
2024-11-26 19:43:00,76 %
2024-11-26 19:58:00,83 %
2024-11-26 20:13:00,83 %
2024-11-26 20:28:00,76 %
2024-11-26 20:43:00,76 %
2024-11-26 20:58:00,79 %
2024-11-26 21:14:00,77 %
2024-11-26 21:29:00,77 %
2024-11-26 21:44:00,77 %
2024-11-26 21:59:00,78 %
2024-11-26 22:14:00,79 %
2024-11-26 22:29:00,79 %
2024-11-26 22:45:00,88 %
2024-11-26 23:00:00,88 %
2024-11-26 23:15:00,80 %
2024-11-26 23:30:00,81 %
2024-11-26 23:45:00,81 %
2024-11-27 00:00:00,82 %
2024-11-27 00:16:00,82 %
2024-11-27 00:31:00,91 %
2024-11-27 00:46:00,83 %
2024-11-27 01:01:00,83 %
2024-11-27 01:16:00,82 %
2024-11-27 01:31:00,81 %
2024-11-27 01:47:00,82 %
2024-11-27 02:02:00,81 %
2024-11-27 02:17:00,80 %
2024-11-27 02:32:00,82 %
2024-11-27 02:47:00,80 %
2024-11-27 03:02:00,79 %
2024-11-27 03:18:00,80 %
2024-11-27 03:33:00,80 %
2024-11-27 03:48:00,82 %
2024-11-27 04:03:00,82 %
2024-11-27 04:18:00,82 %
2024-11-27 04:33:00,81 %
2024-11-27 04:49:00,81 %
2024-11-27 05:04:00,81 %
2024-11-27 05:19:00,82 %
2024-11-27 05:34:00,82 %
2024-11-27 05:49:00,82 %
2024-11-27 06:04:00,82 %
2024-11-27 06:19:00,82 %
2024-11-27 06:35:00,82 %
2024-11-27 06:50:00,83 %
2024-11-27 07:05:00,81 %
2024-11-27 07:20:00,82 %
2024-11-27 07:35:00,80 %
2024-11-27 07:50:00,83 %
2024-11-27 08:06:00,82 %
2024-11-27 08:21:00,86 %
2024-11-27 08:36:00,86 %
2024-11-27 08:51:00,90 %
2024-11-27 09:06:00,84 %
2024-11-27 09:21:00,81 %
2024-11-27 09:37:00,84 %
2024-11-27 09:52:00,79 %
2024-11-27 10:07:00,76 %
2024-11-27 10:22:00,67 %
2024-11-27 10:37:00,60 %
2024-11-27 10:52:00,64 %
2024-11-27 11:08:00,64 %
2024-11-27 11:23:00,64 %
2024-11-27 11:38:00,65 %
2024-11-27 11:53:00,66 %
2024-11-27 12:08:00,64 %
2024-11-27 12:23:00,63 %
2024-11-27 12:39:00,62 %
2024-11-27 12:54:00,58 %
2024-11-27 13:09:00,57 %
2024-11-27 13:24:00,58 %
2024-11-27 13:39:00,54 %
2024-11-27 13:54:00,54 %
2024-11-27 14:10:00,59 %
2024-11-27 14:25:00,65 %
2024-11-27 14:40:00,77 %
2024-11-27 14:55:00,66 %
2024-11-27 15:10:00,68 %
2024-11-27 15:25:00,70 %
2024-11-27 15:40:00,81 %
2024-11-27 15:56:00,74 %
2024-11-27 16:11:00,74 %
2024-11-27 16:26:00,74 %
2024-11-27 16:41:00,69 %
2024-11-27 16:56:00,63 %
2024-11-27 17:11:00,62 %
2024-11-27 17:27:00,62 %
2024-11-27 17:42:00,62 %
2024-11-27 17:57:00,61 %
2024-11-27 18:12:00,66 %
2024-11-27 18:27:00,61 %
2024-11-27 18:43:00,61 %
2024-11-27 18:58:00,62 %
2024-11-27 19:13:00,65 %
2024-11-27 19:28:00,63 %
2024-11-27 19:43:00,63 %
2024-11-27 19:58:00,64 %
2024-11-27 20:14:00,64 %
2024-11-27 20:29:00,67 %
2024-11-27 20:44:00,66 %
2024-11-27 20:59:00,66 %
2024-11-27 21:14:00,66 %
2024-11-27 21:29:00,67 %
2024-11-27 21:45:00,70 %
2024-11-27 22:00:00,72 %
2024-11-27 22:15:00,72 %
2024-11-27 22:30:00,72 %
2024-11-27 22:45:00,73 %
2024-11-27 23:00:00,75 %
2024-11-27 23:16:00,73 %
2024-11-27 23:31:00,84 %
2024-11-27 23:46:00,81 %
2024-11-28 00:01:00,81 %
2024-11-28 00:16:00,81 %
2024-11-28 00:31:00,80 %
2024-11-28 00:47:00,80 %
2024-11-28 01:02:00,79 %
2024-11-28 01:17:00,82 %
2024-11-28 01:32:00,81 %
2024-11-28 01:47:00,96 %
2024-11-28 02:02:00,80 %
2024-11-28 02:17:00,77 %
2024-11-28 02:33:00,79 %
2024-11-28 02:48:00,83 %
2024-11-28 03:03:00,83 %
2024-11-28 03:18:00,83 %
2024-11-28 03:33:00,81 %
2024-11-28 03:48:00,79 %
2024-11-28 04:04:00,76 %
2024-11-28 04:19:00,75 %
2024-11-28 04:34:00,77 %
2024-11-28 04:49:00,77 %
2024-11-28 05:04:00,75 %
2024-11-28 05:19:00,75 %
2024-11-28 05:35:00,72 %
2024-11-28 05:50:00,73 %
2024-11-28 06:05:00,71 %
2024-11-28 06:20:00,76 %
2024-11-28 06:35:00,77 %
2024-11-28 06:50:00,77 %
2024-11-28 07:06:00,72 %
2024-11-28 07:21:00,77 %
2024-11-28 07:36:00,78 %
2024-11-28 07:51:00,78 %
2024-11-28 08:06:00,78 %
2024-11-28 08:21:00,77 %
2024-11-28 08:37:00,74 %
2024-11-28 08:52:00,74 %
2024-11-28 09:07:00,74 %
2024-11-28 09:22:00,74 %
2024-11-28 09:37:00,73 %
2024-11-28 09:52:00,72 %
2024-11-28 10:07:00,72 %
2024-11-28 10:08:00,72 %
2024-11-28 10:23:00,71 %
2024-11-28 10:38:00,72 %
2024-11-28 10:53:00,71 %
2024-11-28 11:08:00,70 %
2024-11-28 11:23:00,70 %
2024-11-28 11:38:00,68 %
2024-11-28 11:54:00,67 %
2024-11-28 12:09:00,67 %
2024-11-28 12:24:00,66 %
2024-11-28 12:39:00,66 %
2024-11-28 12:54:00,67 %
2024-11-28 13:09:00,70 %
2024-11-28 13:25:00,66 %
2024-11-28 13:40:00,66 %
2024-11-28 13:55:00,66 %
2024-11-28 14:10:00,66 %
2024-11-28 14:25:00,66 %
2024-11-28 14:40:00,66 %
2024-11-28 14:56:00,66 %
2024-11-28 15:11:00,67 %
2024-11-28 15:26:00,67 %
2024-11-28 15:41:00,67 %
2024-11-28 15:56:00,70 %
2024-11-28 16:11:00,71 %
2024-11-28 16:27:00,74 %
2024-11-28 16:42:00,75 %
2024-11-28 16:57:00,69 %
2024-11-28 17:12:00,76 %
2024-11-28 17:27:00,77 %
2024-11-28 17:42:00,76 %
2024-11-28 17:58:00,77 %
2024-11-28 18:13:00,77 %
2024-11-28 18:28:00,76 %
2024-11-28 18:43:00,76 %
2024-11-28 18:58:00,77 %
2024-11-28 19:13:00,76 %
2024-11-28 19:29:00,77 %
2024-11-28 19:44:00,79 %
2024-11-28 19:59:00,79 %
2024-11-28 20:14:00,76 %
2024-11-28 20:29:00,79 %
2024-11-28 20:44:00,80 %
2024-11-28 21:00:00,81 %
2024-11-28 21:15:00,82 %
2024-11-28 21:30:00,80 %
2024-11-28 21:45:00,81 %
2024-11-28 22:00:00,82 %
2024-11-28 22:15:00,79 %
2024-11-28 22:30:00,76 %
2024-11-28 22:46:00,77 %
2024-11-28 23:01:00,78 %
2024-11-28 23:16:00,78 %
2024-11-28 23:31:00,80 %
2024-11-28 23:46:00,81 %
2024-11-29 00:01:00,78 %
2024-11-29 00:17:00,79 %
2024-11-29 00:32:00,87 %
2024-11-29 00:47:00,88 %
2024-11-29 01:02:00,87 %
2024-11-29 01:17:00,82 %
2024-11-29 01:32:00,73 %
2024-11-29 01:48:00,83 %
2024-11-29 02:03:00,82 %
2024-11-29 02:18:00,80 %
2024-11-29 02:33:00,83 %
2024-11-29 02:48:00,80 %
2024-11-29 03:03:00,80 %
2024-11-29 03:19:00,81 %
2024-11-29 03:34:00,84 %
2024-11-29 03:49:00,84 %
2024-11-29 04:04:00,81 %
2024-11-29 04:19:00,84 %
2024-11-29 04:34:00,82 %
2024-11-29 04:50:00,82 %
2024-11-29 05:05:00,85 %
2024-11-29 05:20:00,86 %
2024-11-29 05:35:00,86 %
2024-11-29 05:50:00,83 %
2024-11-29 06:05:00,83 %
2024-11-29 06:21:00,86 %
2024-11-29 06:36:00,86 %
2024-11-29 06:51:00,86 %
2024-11-29 07:06:00,86 %
2024-11-29 07:21:00,73 %
2024-11-29 07:36:00,86 %
2024-11-29 07:51:00,85 %
2024-11-29 08:07:00,86 %
2024-11-29 08:22:00,86 %
2024-11-29 08:37:00,84 %
2024-11-29 08:52:00,92 %
2024-11-29 09:07:00,88 %
2024-11-29 09:22:00,87 %
2024-11-29 09:38:00,85 %
2024-11-29 09:53:00,84 %
2024-11-29 10:08:00,84 %
2024-11-29 10:23:00,82 %
2024-11-29 10:38:00,77 %
2024-11-29 10:53:00,70 %
2024-11-29 11:09:00,72 %
2024-11-29 11:24:00,71 %
2024-11-29 11:39:00,70 %
2024-11-29 11:54:00,67 %
2024-11-29 12:09:00,67 %
2024-11-29 12:24:00,64 %
2024-11-29 12:40:00,65 %
2024-11-29 12:55:00,64 %
2024-11-29 13:10:00,62 %
2024-11-29 13:25:00,62 %
2024-11-29 13:40:00,63 %
2024-11-29 13:55:00,67 %
2024-11-29 14:11:00,71 %
2024-11-29 14:26:00,67 %
2024-11-29 14:41:00,69 %
2024-11-29 14:56:00,71 %
2024-11-29 15:11:00,71 %
2024-11-29 15:26:00,72 %
2024-11-29 15:41:00,73 %
2024-11-29 15:57:00,74 %
2024-11-29 16:12:00,75 %
2024-11-29 16:27:00,75 %
2024-11-29 16:42:00,76 %
2024-11-29 16:57:00,76 %
2024-11-29 17:12:00,77 %
2024-11-29 17:28:00,74 %
2024-11-29 17:43:00,74 %
2024-11-29 17:58:00,75 %
2024-11-29 18:13:00,75 %
2024-11-29 18:28:00,80 %
2024-11-29 18:43:00,76 %
2024-11-29 18:59:00,77 %
2024-11-29 19:14:00,77 %
2024-11-29 19:29:00,77 %
2024-11-29 19:44:00,78 %
2024-11-29 19:59:00,77 %
2024-11-29 20:14:00,77 %
2024-11-29 20:30:00,78 %
2024-11-29 20:45:00,78 %
2024-11-29 21:00:00,77 %
2024-11-29 21:15:00,77 %
2024-11-29 21:30:00,78 %
2024-11-29 21:45:00,79 %
2024-11-29 22:01:00,80 %
2024-11-29 22:16:00,81 %
2024-11-29 22:31:00,81 %
2024-11-29 22:46:00,82 %
2024-11-29 23:01:00,81 %
2024-11-29 23:16:00,81 %
2024-11-29 23:31:00,81 %
2024-11-29 23:32:00,81 %
2024-11-29 23:47:00,80 %
2024-11-30 00:02:00,81 %
2024-11-30 00:17:00,81 %
2024-11-30 00:32:00,81 %
2024-11-30 00:47:00,81 %
2024-11-30 01:02:00,81 %
2024-11-30 01:18:00,87 %
2024-11-30 01:33:00,82 %
2024-11-30 01:48:00,82 %
2024-11-30 02:03:00,82 %
2024-11-30 02:18:00,82 %
2024-11-30 02:34:00,82 %
2024-11-30 02:49:00,82 %
2024-11-30 03:04:00,80 %
2024-11-30 03:19:00,79 %
2024-11-30 03:34:00,82 %
2024-11-30 03:49:00,81 %
2024-11-30 04:04:00,80 %
2024-11-30 04:05:00,80 %
2024-11-30 04:20:00,82 %
2024-11-30 04:35:00,80 %
2024-11-30 04:50:00,81 %
2024-11-30 05:05:00,89 %
2024-11-30 05:20:00,81 %
2024-11-30 05:35:00,80 %
2024-11-30 05:51:00,80 %
2024-11-30 06:06:00,80 %
2024-11-30 06:21:00,80 %
2024-11-30 06:36:00,88 %
2024-11-30 06:51:00,88 %
2024-11-30 07:06:00,88 %
2024-11-30 07:22:00,88 %
2024-11-30 07:37:00,88 %
2024-11-30 07:52:00,89 %
2024-11-30 08:07:00,89 %
2024-11-30 08:22:00,89 %
2024-11-30 08:37:00,82 %
2024-11-30 08:53:00,88 %
2024-11-30 09:08:00,84 %
2024-11-30 09:23:00,82 %
2024-11-30 09:38:00,80 %
2024-11-30 09:53:00,80 %
2024-11-30 10:08:00,76 %
2024-11-30 10:24:00,70 %
2024-11-30 10:39:00,68 %
2024-11-30 10:54:00,67 %
2024-11-30 11:09:00,67 %
2024-11-30 11:24:00,68 %
2024-11-30 11:39:00,68 %
2024-11-30 11:54:00,67 %
2024-11-30 12:10:00,65 %
2024-11-30 12:25:00,64 %
2024-11-30 12:40:00,64 %
2024-11-30 12:55:00,62 %
2024-11-30 13:10:00,62 %
2024-11-30 13:25:00,62 %
2024-11-30 13:41:00,61 %
2024-11-30 13:56:00,59 %
2024-11-30 14:11:00,59 %
2024-11-30 14:26:00,61 %
2024-11-30 14:41:00,58 %
2024-11-30 14:56:00,64 %
2024-11-30 15:12:00,65 %
2024-11-30 15:27:00,66 %
2024-11-30 15:42:00,62 %
2024-11-30 15:57:00,68 %
2024-11-30 16:12:00,68 %
2024-11-30 16:27:00,70 %
2024-11-30 16:43:00,70 %
2024-11-30 16:58:00,71 %
2024-11-30 17:13:00,71 %
2024-11-30 17:28:00,72 %
2024-11-30 17:43:00,73 %
2024-11-30 17:58:00,74 %
2024-11-30 18:14:00,73 %
2024-11-30 18:29:00,73 %
2024-11-30 18:44:00,75 %
2024-11-30 18:59:00,74 %
2024-11-30 19:14:00,76 %
2024-11-30 19:29:00,76 %
2024-11-30 19:45:00,76 %
2024-11-30 20:00:00,78 %
2024-11-30 20:15:00,84 %
2024-11-30 20:30:00,78 %
2024-11-30 20:45:00,80 %
2024-11-30 21:00:00,80 %
2024-11-30 21:15:00,82 %
2024-11-30 21:31:00,82 %
2024-11-30 21:46:00,83 %
2024-11-30 22:01:00,83 %
2024-11-30 22:16:00,83 %
2024-11-30 22:31:00,72 %
2024-11-30 22:46:00,84 %
2024-11-30 23:02:00,84 %
2024-11-30 23:17:00,84 %
2024-11-30 23:32:00,84 %
2024-11-30 23:47:00,84 %
2024-12-01 00:02:00,84 %
2024-12-01 00:17:00,85 %
2024-12-01 00:33:00,85 %
2024-12-01 00:48:00,72 %
2024-12-01 01:03:00,72 %
2024-12-01 01:18:00,85 %
2024-12-01 01:33:00,85 %
2024-12-01 01:48:00,73 %
2024-12-01 02:04:00,73 %
2024-12-01 02:19:00,72 %
2024-12-01 02:34:00,81 %
2024-12-01 02:49:00,81 %
2024-12-01 03:04:00,81 %
2024-12-01 03:19:00,81 %
2024-12-01 03:35:00,81 %
2024-12-01 03:50:00,81 %
2024-12-01 04:05:00,81 %
2024-12-01 04:20:00,81 %
2024-12-01 04:35:00,81 %
2024-12-01 04:50:00,81 %
2024-12-01 05:05:00,81 %
2024-12-01 05:21:00,81 %
2024-12-01 05:36:00,81 %
2024-12-01 05:51:00,82 %
2024-12-01 06:06:00,82 %
2024-12-01 06:21:00,82 %
2024-12-01 06:36:00,82 %
2024-12-01 06:52:00,78 %
2024-12-01 07:07:00,78 %
2024-12-01 07:22:00,78 %
2024-12-01 07:37:00,79 %
2024-12-01 07:52:00,79 %
2024-12-01 08:07:00,74 %
2024-12-01 08:23:00,74 %
2024-12-01 08:38:00,70 %
2024-12-01 08:53:00,71 %
2024-12-01 09:08:00,63 %
2024-12-01 09:23:00,63 %
2024-12-01 09:38:00,62 %
2024-12-01 09:54:00,63 %
2024-12-01 10:09:00,61 %
2024-12-01 10:24:00,57 %
2024-12-01 10:39:00,58 %
2024-12-01 10:54:00,56 %
2024-12-01 11:09:00,64 %
2024-12-01 11:25:00,64 %
2024-12-01 11:40:00,60 %
2024-12-01 11:55:00,59 %
2024-12-01 12:10:00,59 %
2024-12-01 12:25:00,59 %
2024-12-01 12:40:00,57 %
2024-12-01 12:56:00,57 %
2024-12-01 13:11:00,61 %
2024-12-01 13:26:00,57 %
2024-12-01 13:41:00,57 %
2024-12-01 13:56:00,62 %
2024-12-01 14:11:00,62 %
2024-12-01 14:27:00,53 %
2024-12-01 14:42:00,85 %
2024-12-01 14:57:00,54 %
2024-12-01 15:12:00,53 %
2024-12-01 15:27:00,53 %
2024-12-01 15:42:00,72 %
2024-12-01 15:58:00,83 %
2024-12-01 16:13:00,72 %
2024-12-01 16:28:00,72 %
2024-12-01 16:43:00,73 %
2024-12-01 16:58:00,73 %
2024-12-01 17:13:00,73 %
2024-12-01 17:29:00,72 %
2024-12-01 17:44:00,72 %
2024-12-01 17:59:00,72 %
2024-12-01 18:14:00,73 %
2024-12-01 18:29:00,73 %
2024-12-01 18:44:00,73 %
2024-12-01 19:00:00,72 %
2024-12-01 19:15:00,73 %
2024-12-01 19:30:00,78 %
2024-12-01 19:45:00,72 %
2024-12-01 20:00:00,72 %
2024-12-01 20:15:00,73 %
2024-12-01 20:31:00,73 %
2024-12-01 20:46:00,73 %
2024-12-01 21:01:00,73 %
2024-12-01 21:16:00,73 %
2024-12-01 21:31:00,74 %
2024-12-01 21:46:00,74 %
2024-12-01 22:01:00,74 %
2024-12-01 22:17:00,79 %
2024-12-01 22:32:00,88 %
2024-12-01 22:47:00,88 %
2024-12-01 23:02:00,73 %
2024-12-01 23:17:00,73 %
2024-12-01 23:32:00,73 %
2024-12-01 23:48:00,74 %
2024-12-02 00:03:00,74 %
2024-12-02 00:18:00,73 %
2024-12-02 00:33:00,82 %
2024-12-02 00:48:00,73 %
2024-12-02 02:01:00,73 %
2024-12-02 02:16:00,72 %
2024-12-02 02:31:00,72 %
2024-12-02 02:46:00,72 %
2024-12-02 03:01:00,72 %
2024-12-02 03:16:00,72 %
2024-12-02 03:17:00,72 %
2024-12-02 03:32:00,73 %
2024-12-02 03:47:00,73 %
2024-12-02 04:02:00,72 %
2024-12-02 04:17:00,72 %
2024-12-02 04:32:00,72 %
2024-12-02 04:47:00,72 %
2024-12-02 05:03:00,72 %
2024-12-02 05:18:00,72 %
2024-12-02 05:33:00,72 %
2024-12-02 05:48:00,73 %
2024-12-02 06:03:00,72 %
2024-12-02 06:18:00,71 %
2024-12-02 06:34:00,65 %
2024-12-02 06:49:00,65 %
2024-12-02 07:04:00,72 %
2024-12-02 07:19:00,70 %
2024-12-02 07:34:00,71 %
2024-12-02 07:49:00,72 %
2024-12-02 08:05:00,72 %
2024-12-02 08:20:00,71 %
2024-12-02 08:35:00,66 %
2024-12-02 08:50:00,80 %
2024-12-02 09:05:00,73 %
2024-12-02 09:20:00,74 %
2024-12-02 09:36:00,66 %
2024-12-02 09:51:00,67 %
2024-12-02 10:06:00,65 %
2024-12-02 10:21:00,63 %
2024-12-02 10:36:00,63 %
2024-12-02 10:51:00,62 %
2024-12-02 11:06:00,72 %
2024-12-02 11:07:00,72 %
2024-12-02 11:22:00,69 %
2024-12-02 11:37:00,61 %
2024-12-02 11:52:00,61 %
2024-12-02 12:07:00,61 %
2024-12-02 12:22:00,60 %
2024-12-02 12:37:00,70 %
2024-12-02 12:53:00,70 %
2024-12-02 13:08:00,70 %
2024-12-02 13:23:00,70 %
2024-12-02 13:38:00,70 %
2024-12-02 13:53:00,69 %
2024-12-02 14:08:00,69 %
2024-12-02 14:24:00,69 %
2024-12-02 14:39:00,70 %
2024-12-02 14:54:00,71 %
2024-12-02 15:09:00,64 %
2024-12-02 15:24:00,65 %
2024-12-02 15:39:00,66 %
2024-12-02 15:55:00,66 %
2024-12-02 16:10:00,66 %
2024-12-02 16:25:00,66 %
2024-12-02 16:40:00,65 %
2024-12-02 16:55:00,73 %
2024-12-02 17:10:00,74 %
2024-12-02 17:26:00,74 %
2024-12-02 17:41:00,80 %
2024-12-02 17:56:00,74 %
2024-12-02 18:11:00,74 %
2024-12-02 18:26:00,75 %
2024-12-02 18:41:00,82 %
2024-12-02 18:56:00,83 %
2024-12-02 19:12:00,83 %
2024-12-02 19:27:00,76 %
2024-12-02 19:42:00,77 %
2024-12-02 19:57:00,77 %
2024-12-02 20:12:00,78 %
2024-12-02 20:28:00,78 %
2024-12-02 20:43:00,78 %
2024-12-02 20:58:00,78 %
2024-12-02 21:13:00,78 %
2024-12-02 21:28:00,78 %
2024-12-02 21:43:00,85 %
2024-12-02 21:59:00,86 %
2024-12-02 22:14:00,79 %
2024-12-02 22:29:00,79 %
2024-12-02 22:44:00,79 %
2024-12-02 22:59:00,85 %
2024-12-02 23:14:00,78 %
2024-12-02 23:30:00,78 %
2024-12-02 23:45:00,77 %
2024-12-03 00:00:00,77 %
2024-12-03 00:15:00,87 %
2024-12-03 00:30:00,87 %
2024-12-03 00:45:00,86 %
2024-12-03 01:00:00,85 %
2024-12-03 01:01:00,85 %
2024-12-03 01:16:00,85 %
2024-12-03 01:31:00,84 %
2024-12-03 01:46:00,84 %
2024-12-03 02:01:00,85 %
2024-12-03 02:16:00,84 %
2024-12-03 02:31:00,91 %
2024-12-03 02:47:00,91 %
2024-12-03 03:02:00,85 %
2024-12-03 03:17:00,85 %
2024-12-03 03:32:00,86 %
2024-12-03 03:47:00,90 %
2024-12-03 04:02:00,86 %
2024-12-03 04:18:00,87 %
2024-12-03 04:33:00,87 %
2024-12-03 04:48:00,87 %
2024-12-03 05:03:00,87 %
2024-12-03 05:18:00,86 %
2024-12-03 05:33:00,84 %
2024-12-03 05:49:00,84 %
2024-12-03 06:07:00,83 %
2024-12-03 06:22:00,85 %
2024-12-03 06:37:00,85 %
2024-12-03 06:52:00,85 %
2024-12-03 07:08:00,85 %
2024-12-03 07:23:00,84 %
2024-12-03 07:38:00,83 %
2024-12-03 07:53:00,85 %
2024-12-03 08:08:00,80 %
2024-12-03 08:23:00,80 %
2024-12-03 08:39:00,80 %
2024-12-03 08:54:00,86 %
2024-12-03 09:09:00,87 %
2024-12-03 09:24:00,86 %
2024-12-03 09:39:00,86 %
2024-12-03 09:54:00,86 %
2024-12-03 10:10:00,86 %
2024-12-03 10:25:00,86 %
2024-12-03 10:40:00,86 %
2024-12-03 10:55:00,86 %
2024-12-03 11:10:00,85 %
2024-12-03 11:25:00,85 %
2024-12-03 11:40:00,84 %
2024-12-03 11:41:00,84 %
2024-12-03 11:56:00,85 %
2024-12-03 12:11:00,87 %
2024-12-03 12:26:00,87 %
2024-12-03 12:41:00,89 %
2024-12-03 12:56:00,87 %
2024-12-03 13:11:00,90 %
2024-12-03 13:27:00,90 %
2024-12-03 13:42:00,88 %
2024-12-03 13:57:00,91 %
2024-12-03 14:12:00,91 %
2024-12-03 14:27:00,89 %
2024-12-03 14:42:00,89 %
2024-12-03 14:58:00,91 %
2024-12-03 15:13:00,84 %
2024-12-03 15:28:00,84 %
2024-12-03 15:43:00,84 %
2024-12-03 15:58:00,91 %
2024-12-03 16:13:00,85 %
2024-12-03 16:29:00,85 %
2024-12-03 16:44:00,85 %
2024-12-03 16:59:00,86 %
2024-12-03 17:14:00,86 %
2024-12-03 17:29:00,86 %
2024-12-03 17:44:00,92 %
2024-12-03 18:00:00,86 %
2024-12-03 18:15:00,86 %
2024-12-03 18:30:00,86 %
2024-12-03 18:45:00,86 %
2024-12-03 19:00:00,87 %
2024-12-03 19:15:00,87 %
2024-12-03 19:31:00,87 %
2024-12-03 19:46:00,87 %
2024-12-03 20:01:00,87 %
2024-12-03 20:16:00,87 %
2024-12-03 20:31:00,87 %
2024-12-03 20:46:00,87 %
2024-12-03 21:02:00,88 %
2024-12-03 21:17:00,87 %
2024-12-03 21:32:00,87 %
2024-12-03 21:47:00,88 %
2024-12-03 22:02:00,87 %
2024-12-03 22:17:00,87 %
2024-12-03 22:32:00,87 %
2024-12-03 22:33:00,87 %
2024-12-03 22:48:00,87 %
2024-12-03 23:03:00,87 %
2024-12-03 23:18:00,87 %
2024-12-03 23:33:00,88 %
2024-12-03 23:48:00,88 %
2024-12-04 00:03:00,88 %
2024-12-04 00:04:00,88 %
2024-12-04 00:19:00,87 %
2024-12-04 00:34:00,87 %
2024-12-04 00:49:00,88 %
2024-12-04 01:04:00,88 %
2024-12-04 01:19:00,87 %
2024-12-04 01:34:00,59 %
2024-12-04 01:50:00,58 %
2024-12-04 02:05:00,69 %
2024-12-04 02:20:00,88 %
2024-12-04 02:35:00,58 %
2024-12-04 02:50:00,87 %
2024-12-04 03:05:00,58 %
2024-12-04 03:21:00,87 %
2024-12-04 03:36:00,87 %
2024-12-04 03:51:00,92 %
2024-12-04 04:06:00,99 %
2024-12-04 04:21:00,69 %
2024-12-04 04:36:00,87 %
2024-12-04 04:52:00,58 %
2024-12-04 05:07:00,58 %
2024-12-04 05:22:00,99 %
2024-12-04 05:37:00,99 %
2024-12-04 05:52:00,99 %
2024-12-04 06:07:00,58 %
2024-12-04 06:23:00,58 %
2024-12-04 06:38:00,58 %
2024-12-04 06:53:00,87 %
2024-12-04 07:08:00,87 %
2024-12-04 07:23:00,87 %
2024-12-04 07:38:00,58 %
2024-12-04 07:54:00,59 %
2024-12-04 08:09:00,59 %
2024-12-04 08:24:00,59 %
2024-12-04 08:39:00,59 %
2024-12-04 08:54:00,79 %
2024-12-04 09:09:00,85 %
2024-12-04 09:24:00,92 %
2024-12-04 09:40:00,99 %
2024-12-04 09:55:00,98 %
2024-12-04 10:10:00,88 %
2024-12-04 10:25:00,88 %
2024-12-04 10:40:00,89 %
2024-12-04 10:55:00,88 %
2024-12-04 11:11:00,87 %
2024-12-04 11:26:00,87 %
2024-12-04 11:41:00,85 %
2024-12-04 11:56:00,83 %
2024-12-04 12:11:00,82 %
2024-12-04 12:26:00,82 %
2024-12-04 12:42:00,64 %
2024-12-04 12:57:00,69 %
2024-12-04 13:12:00,63 %
2024-12-04 13:27:00,63 %
2024-12-04 13:42:00,80 %
2024-12-04 13:57:00,67 %
2024-12-04 14:13:00,67 %
2024-12-04 14:28:00,82 %
2024-12-04 14:43:00,79 %
2024-12-04 14:58:00,89 %
2024-12-04 15:13:00,89 %
2024-12-04 15:28:00,81 %
2024-12-04 15:44:00,91 %
2024-12-04 15:59:00,82 %
2024-12-04 16:14:00,93 %
2024-12-04 16:29:00,93 %
2024-12-04 16:44:00,93 %
2024-12-04 16:59:00,93 %
2024-12-04 17:15:00,83 %
2024-12-04 17:30:00,84 %
2024-12-04 17:45:00,96 %
2024-12-04 18:00:00,82 %
2024-12-04 18:15:00,82 %
2024-12-04 18:31:00,83 %
2024-12-04 18:46:00,85 %
2024-12-04 19:01:00,85 %
2024-12-04 19:16:00,85 %
2024-12-04 19:31:00,85 %
2024-12-04 19:46:00,85 %
2024-12-04 20:01:00,85 %
2024-12-04 20:17:00,86 %
2024-12-04 20:32:00,86 %
2024-12-04 20:47:00,87 %
2024-12-04 21:02:00,86 %
2024-12-04 21:17:00,86 %
2024-12-04 21:32:00,86 %
2024-12-04 21:48:00,87 %
2024-12-04 22:03:00,86 %
2024-12-04 22:18:00,87 %
2024-12-04 22:33:00,87 %
2024-12-04 22:48:00,86 %
2024-12-04 23:03:00,87 %
2024-12-04 23:19:00,86 %
2024-12-04 23:34:00,87 %
2024-12-04 23:49:00,87 %
2024-12-05 00:04:00,87 %
2024-12-05 00:19:00,87 %
2024-12-05 00:34:00,87 %
2024-12-05 00:50:00,87 %
2024-12-05 01:05:00,87 %
2024-12-05 01:20:00,87 %
2024-12-05 01:35:00,87 %
2024-12-05 01:50:00,87 %
2024-12-05 02:05:00,87 %
2024-12-05 02:21:00,87 %
2024-12-05 02:36:00,83 %
2024-12-05 02:51:00,83 %
2024-12-05 03:06:00,87 %
2024-12-05 03:21:00,58 %
2024-12-05 03:36:00,58 %
2024-12-05 03:52:00,64 %
2024-12-05 04:07:00,63 %
2024-12-05 04:22:00,64 %
2024-12-05 04:37:00,64 %
2024-12-05 04:52:00,66 %
2024-12-05 05:07:00,65 %
2024-12-05 05:22:00,64 %
2024-12-05 05:38:00,64 %
2024-12-05 05:53:00,71 %
2024-12-05 06:08:00,64 %
2024-12-05 06:23:00,64 %
2024-12-05 06:38:00,64 %
2024-12-05 06:53:00,64 %
2024-12-05 07:09:00,64 %
2024-12-05 07:24:00,64 %
2024-12-05 07:39:00,64 %
2024-12-05 07:54:00,64 %
2024-12-05 08:09:00,68 %
2024-12-05 08:24:00,66 %
2024-12-05 08:40:00,66 %
2024-12-05 08:55:00,65 %
2024-12-05 09:10:00,99 %
2024-12-05 09:25:00,90 %
2024-12-05 09:40:00,73 %
2024-12-05 09:55:00,76 %
2024-12-05 10:11:00,74 %
2024-12-05 10:26:00,69 %
2024-12-05 10:41:00,70 %
2024-12-05 10:56:00,69 %
2024-12-05 11:11:00,69 %
2024-12-05 11:26:00,68 %
2024-12-05 11:42:00,70 %
2024-12-05 11:57:00,67 %
2024-12-05 12:12:00,72 %
2024-12-05 12:27:00,70 %
2024-12-05 12:42:00,70 %
2024-12-05 12:57:00,67 %
2024-12-05 13:12:00,68 %
2024-12-05 13:28:00,68 %
2024-12-05 13:43:00,68 %
2024-12-05 13:58:00,72 %
2024-12-05 14:13:00,68 %
2024-12-05 14:28:00,72 %
2024-12-05 14:43:00,72 %
2024-12-05 14:59:00,72 %
2024-12-05 15:14:00,72 %
2024-12-05 15:29:00,72 %
2024-12-05 15:44:00,73 %
2024-12-05 15:59:00,75 %
2024-12-05 16:14:00,81 %
2024-12-05 16:30:00,59 %
2024-12-05 16:45:00,84 %
2024-12-05 17:00:00,84 %
2024-12-05 17:15:00,84 %
2024-12-05 17:30:00,83 %
2024-12-05 17:46:00,83 %
2024-12-05 18:01:00,81 %
2024-12-05 18:16:00,81 %
2024-12-05 18:31:00,80 %
2024-12-05 18:46:00,80 %
2024-12-05 19:01:00,80 %
2024-12-05 19:17:00,80 %
2024-12-05 19:32:00,80 %
2024-12-05 19:47:00,80 %
2024-12-05 20:02:00,80 %
2024-12-05 20:17:00,80 %
2024-12-05 20:32:00,80 %
2024-12-05 20:48:00,77 %
2024-12-05 21:03:00,77 %
2024-12-05 21:18:00,64 %
2024-12-05 21:33:00,65 %
2024-12-05 21:48:00,65 %
2024-12-05 22:03:00,65 %
2024-12-05 22:19:00,65 %
2024-12-05 22:34:00,65 %
2024-12-05 22:49:00,76 %
2024-12-05 23:04:00,76 %
2024-12-05 23:19:00,78 %
2024-12-05 23:34:00,78 %
2024-12-05 23:50:00,76 %
2024-12-06 00:05:00,78 %
2024-12-06 00:20:00,78 %
2024-12-06 00:35:00,78 %
2024-12-06 00:50:00,81 %
2024-12-06 01:05:00,81 %
2024-12-06 01:21:00,82 %
2024-12-06 01:36:00,83 %
2024-12-06 01:51:00,84 %
2024-12-06 02:06:00,85 %
2024-12-06 02:21:00,85 %
2024-12-06 02:36:00,86 %
2024-12-06 02:51:00,86 %
2024-12-06 02:52:00,86 %
2024-12-06 03:07:00,86 %
2024-12-06 03:22:00,69 %
2024-12-06 03:37:00,69 %
2024-12-06 03:52:00,86 %
2024-12-06 04:07:00,85 %
2024-12-06 04:22:00,83 %
2024-12-06 04:38:00,81 %
2024-12-06 04:53:00,80 %
2024-12-06 05:08:00,81 %
2024-12-06 05:23:00,81 %
2024-12-06 05:38:00,82 %
2024-12-06 05:53:00,78 %
2024-12-06 06:09:00,75 %
2024-12-06 06:24:00,72 %
2024-12-06 06:39:00,63 %
2024-12-06 06:54:00,73 %
2024-12-06 07:09:00,73 %
2024-12-06 07:24:00,72 %
2024-12-06 07:40:00,71 %
2024-12-06 07:55:00,73 %
2024-12-06 08:10:00,74 %
2024-12-06 08:25:00,75 %
2024-12-06 08:40:00,72 %
2024-12-06 08:55:00,73 %
2024-12-06 09:11:00,73 %
2024-12-06 09:26:00,73 %
2024-12-06 09:41:00,73 %
2024-12-06 09:56:00,73 %
2024-12-06 10:11:00,79 %
2024-12-06 10:26:00,77 %
2024-12-06 10:41:00,72 %
2024-12-06 10:42:00,72 %
2024-12-06 10:57:00,74 %
2024-12-06 11:12:00,68 %
2024-12-06 11:27:00,66 %
2024-12-06 11:42:00,67 %
2024-12-06 11:57:00,67 %
2024-12-06 12:13:00,65 %
2024-12-06 12:28:00,64 %
2024-12-06 12:43:00,64 %
2024-12-06 12:58:00,62 %
2024-12-06 13:13:00,64 %
2024-12-06 13:28:00,62 %
2024-12-06 13:44:00,61 %
2024-12-06 13:59:00,63 %
2024-12-06 14:14:00,63 %
2024-12-06 14:29:00,62 %
2024-12-06 14:44:00,66 %
2024-12-06 14:59:00,66 %
2024-12-06 15:15:00,65 %
2024-12-06 15:30:00,66 %
2024-12-06 15:45:00,64 %
2024-12-06 16:00:00,64 %
2024-12-06 16:15:00,64 %
2024-12-06 16:30:00,64 %
2024-12-06 16:46:00,65 %
2024-12-06 17:01:00,65 %
2024-12-06 17:16:00,66 %
2024-12-06 17:31:00,66 %
2024-12-06 17:46:00,69 %
2024-12-06 18:01:00,66 %
2024-12-06 18:17:00,66 %
2024-12-06 18:32:00,66 %
2024-12-06 18:47:00,68 %
2024-12-06 19:02:00,68 %
2024-12-06 19:17:00,68 %
2024-12-06 19:32:00,67 %
2024-12-06 19:48:00,66 %
2024-12-06 20:03:00,67 %
2024-12-06 20:18:00,67 %
2024-12-06 20:33:00,71 %
2024-12-06 20:48:00,71 %
2024-12-06 21:04:00,71 %
2024-12-06 21:19:00,69 %
2024-12-06 21:34:00,72 %
2024-12-06 21:49:00,72 %
2024-12-06 22:04:00,73 %
2024-12-06 22:20:00,73 %
2024-12-06 22:35:00,73 %
2024-12-06 22:50:00,73 %
2024-12-06 23:05:00,73 %
2024-12-06 23:20:00,74 %
2024-12-06 23:35:00,75 %
2024-12-06 23:51:00,75 %
2024-12-07 00:06:00,75 %
2024-12-07 00:21:00,75 %
2024-12-07 00:36:00,75 %
2024-12-07 00:51:00,76 %
2024-12-07 01:06:00,77 %
2024-12-07 01:22:00,76 %
2024-12-07 01:37:00,76 %
2024-12-07 01:52:00,76 %
2024-12-07 02:07:00,76 %
2024-12-07 02:22:00,76 %
2024-12-07 02:37:00,76 %
2024-12-07 02:53:00,76 %
2024-12-07 03:08:00,76 %
2024-12-07 03:23:00,77 %
2024-12-07 03:38:00,77 %
2024-12-07 03:53:00,78 %
2024-12-07 04:08:00,78 %
2024-12-07 04:24:00,79 %
2024-12-07 04:39:00,79 %
2024-12-07 04:54:00,77 %
2024-12-07 05:09:00,77 %
2024-12-07 05:24:00,76 %
2024-12-07 05:39:00,74 %
2024-12-07 05:55:00,74 %
2024-12-07 06:10:00,72 %
2024-12-07 06:25:00,72 %
2024-12-07 06:40:00,72 %
2024-12-07 06:55:00,72 %
2024-12-07 07:10:00,70 %
2024-12-07 07:26:00,67 %
2024-12-07 07:41:00,66 %
2024-12-07 07:56:00,66 %
2024-12-07 08:11:00,63 %
2024-12-07 08:26:00,65 %
2024-12-07 08:41:00,69 %
2024-12-07 08:57:00,73 %
2024-12-07 09:12:00,74 %
2024-12-07 09:27:00,74 %
2024-12-07 09:42:00,74 %
2024-12-07 09:57:00,74 %
2024-12-07 10:12:00,73 %
2024-12-07 10:27:00,70 %
2024-12-07 10:43:00,70 %
2024-12-07 10:58:00,70 %
2024-12-07 11:13:00,72 %
2024-12-07 11:28:00,74 %
2024-12-07 11:43:00,75 %
2024-12-07 11:58:00,76 %
2024-12-07 12:14:00,79 %
2024-12-07 12:29:00,79 %
2024-12-07 12:44:00,79 %
2024-12-07 12:59:00,79 %
2024-12-07 13:14:00,67 %
2024-12-07 13:29:00,68 %
2024-12-07 13:45:00,69 %
2024-12-07 14:00:00,68 %
2024-12-07 14:15:00,68 %
2024-12-07 14:30:00,67 %
2024-12-07 14:45:00,57 %
2024-12-07 15:00:00,68 %
2024-12-07 15:01:00,68 %
2024-12-07 15:16:00,57 %
2024-12-07 15:31:00,57 %
2024-12-07 15:46:00,69 %
2024-12-07 16:01:00,68 %
2024-12-07 16:16:00,57 %
2024-12-07 16:31:00,57 %
2024-12-07 16:47:00,58 %
2024-12-07 17:02:00,58 %
2024-12-07 17:17:00,58 %
2024-12-07 17:32:00,55 %
2024-12-07 17:47:00,58 %
2024-12-07 18:02:00,58 %
2024-12-07 18:18:00,73 %
2024-12-07 18:33:00,87 %
2024-12-07 18:48:00,87 %
2024-12-07 19:03:00,87 %
2024-12-07 19:18:00,87 %
2024-12-07 19:33:00,88 %
2024-12-07 19:49:00,88 %
2024-12-07 20:04:00,51 %
2024-12-07 20:19:00,51 %
2024-12-07 20:34:00,73 %
2024-12-07 20:49:00,90 %
2024-12-07 21:05:00,90 %
2024-12-07 21:20:00,90 %
2024-12-07 21:36:00,90 %
2024-12-07 21:51:00,90 %
2024-12-07 22:06:00,90 %
2024-12-07 22:21:00,90 %
2024-12-07 22:36:00,88 %
2024-12-07 22:51:00,88 %
2024-12-07 23:06:00,88 %
2024-12-07 23:22:00,88 %
2024-12-07 23:37:00,85 %
2024-12-07 23:52:00,83 %
2024-12-08 00:07:00,74 %
2024-12-08 00:22:00,74 %
2024-12-08 00:37:00,78 %
2024-12-08 00:53:00,78 %
2024-12-08 01:08:00,78 %
2024-12-08 01:23:00,78 %
2024-12-08 01:38:00,77 %
2024-12-08 01:53:00,77 %
2024-12-08 02:08:00,77 %
2024-12-08 02:24:00,53 %
2024-12-08 02:39:00,53 %
2024-12-08 02:54:00,77 %
2024-12-08 03:09:00,77 %
2024-12-08 03:24:00,77 %
2024-12-08 03:39:00,79 %
2024-12-08 03:55:00,79 %
2024-12-08 04:10:00,79 %
2024-12-08 04:25:00,79 %
2024-12-08 04:40:00,83 %
2024-12-08 04:55:00,83 %
2024-12-08 05:10:00,83 %
2024-12-08 05:26:00,83 %
2024-12-08 05:41:00,85 %
2024-12-08 05:56:00,86 %
2024-12-08 06:11:00,86 %
2024-12-08 06:26:00,86 %
2024-12-08 06:41:00,71 %
2024-12-08 06:56:00,86 %
2024-12-08 07:12:00,53 %
2024-12-08 07:27:00,54 %
2024-12-08 07:42:00,56 %
2024-12-08 07:57:00,65 %
2024-12-08 08:12:00,64 %
2024-12-08 08:27:00,64 %
2024-12-08 08:43:00,65 %
2024-12-08 08:58:00,65 %
2024-12-08 09:13:00,64 %
2024-12-08 09:28:00,69 %
2024-12-08 09:43:00,68 %
2024-12-08 09:59:00,63 %
2024-12-08 10:14:00,59 %
2024-12-08 10:29:00,63 %
2024-12-08 10:44:00,64 %
2024-12-08 10:59:00,64 %
2024-12-08 11:14:00,64 %
2024-12-08 11:30:00,64 %
2024-12-08 11:45:00,58 %
2024-12-08 12:00:00,59 %
2024-12-08 12:15:00,58 %
2024-12-08 12:30:00,59 %
2024-12-08 12:45:00,59 %
2024-12-08 13:01:00,59 %
2024-12-08 13:16:00,59 %
2024-12-08 13:31:00,59 %
2024-12-08 13:46:00,59 %
2024-12-08 14:01:00,59 %
2024-12-08 14:16:00,59 %
2024-12-08 14:32:00,57 %
2024-12-08 14:47:00,84 %
2024-12-08 15:02:00,56 %
2024-12-08 15:17:00,84 %
2024-12-08 15:32:00,86 %
2024-12-08 15:47:00,55 %
2024-12-08 16:02:00,57 %
2024-12-08 16:18:00,59 %
2024-12-08 16:33:00,59 %
2024-12-08 16:48:00,57 %
2024-12-08 17:03:00,58 %
2024-12-08 17:18:00,59 %
2024-12-08 17:33:00,59 %
2024-12-08 17:49:00,59 %
2024-12-08 18:04:00,58 %
2024-12-08 18:19:00,59 %
2024-12-08 18:34:00,58 %
2024-12-08 18:49:00,58 %
2024-12-08 19:04:00,58 %
2024-12-08 19:20:00,58 %
2024-12-08 19:35:00,59 %
2024-12-08 19:50:00,59 %
2024-12-08 20:05:00,59 %
2024-12-08 20:20:00,54 %
2024-12-08 20:36:00,54 %
2024-12-08 20:51:00,53 %
2024-12-08 21:06:00,56 %
2024-12-08 21:21:00,57 %
2024-12-08 21:36:00,58 %
2024-12-08 21:52:00,58 %
2024-12-08 22:07:00,59 %
2024-12-08 22:22:00,59 %
2024-12-08 22:37:00,59 %
2024-12-08 22:52:00,59 %
2024-12-08 23:08:00,59 %
2024-12-08 23:23:00,59 %
2024-12-08 23:38:00,59 %
2024-12-08 23:53:00,59 %
2024-12-09 00:08:00,59 %
2024-12-09 00:23:00,59 %
2024-12-09 00:39:00,59 %
2024-12-09 00:54:00,59 %
2024-12-09 02:01:00,59 %
2024-12-09 02:16:00,59 %
2024-12-09 02:31:00,60 %
2024-12-09 02:46:00,59 %
2024-12-09 03:01:00,59 %
2024-12-09 03:17:00,88 %
2024-12-09 03:32:00,58 %
2024-12-09 03:47:00,59 %
2024-12-09 04:02:00,58 %
2024-12-09 04:17:00,59 %
2024-12-09 04:32:00,59 %
2024-12-09 04:47:00,59 %
2024-12-09 05:03:00,59 %
2024-12-09 05:18:00,59 %
2024-12-09 05:33:00,60 %
2024-12-09 05:48:00,60 %
2024-12-09 06:03:00,60 %
2024-12-09 06:18:00,92 %
2024-12-09 06:34:00,58 %
2024-12-09 06:49:00,94 %
2024-12-09 07:04:00,57 %
2024-12-09 07:19:00,57 %
2024-12-09 07:34:00,55 %
2024-12-09 07:49:00,58 %
2024-12-09 08:05:00,59 %
2024-12-09 08:20:00,59 %
2024-12-09 08:35:00,59 %
2024-12-09 08:50:00,60 %
2024-12-09 09:05:00,60 %
2024-12-09 09:20:00,60 %
2024-12-09 09:36:00,60 %
2024-12-09 09:51:00,60 %
2024-12-09 10:06:00,60 %
2024-12-09 10:21:00,60 %
2024-12-09 10:36:00,60 %
2024-12-09 10:51:00,60 %
2024-12-09 11:06:00,60 %
2024-12-09 11:07:00,60 %
2024-12-09 11:22:00,60 %
2024-12-09 11:37:00,60 %
2024-12-09 11:52:00,60 %
2024-12-09 12:07:00,75 %
2024-12-09 12:22:00,58 %
2024-12-09 12:37:00,59 %
2024-12-09 12:53:00,59 %
2024-12-09 13:08:00,59 %
2024-12-09 13:23:00,60 %
2024-12-09 13:38:00,60 %
2024-12-09 13:53:00,60 %
2024-12-09 14:08:00,60 %
2024-12-09 14:24:00,60 %
2024-12-09 14:39:00,60 %
2024-12-09 14:54:00,72 %
2024-12-09 15:09:00,57 %
2024-12-09 15:24:00,59 %
2024-12-09 15:39:00,59 %
2024-12-09 15:55:00,60 %
2024-12-09 16:10:00,59 %
2024-12-09 16:25:00,59 %
2024-12-09 16:40:00,59 %
2024-12-09 16:55:00,59 %
2024-12-09 17:10:00,67 %
2024-12-09 17:26:00,63 %
2024-12-09 17:41:00,64 %
2024-12-09 17:56:00,65 %
2024-12-09 18:11:00,66 %
2024-12-09 18:26:00,66 %
2024-12-09 18:41:00,66 %
2024-12-09 18:57:00,66 %
2024-12-09 19:12:00,65 %
2024-12-09 19:27:00,65 %
2024-12-09 19:42:00,65 %
2024-12-09 19:57:00,66 %
2024-12-09 20:12:00,67 %
2024-12-09 20:27:00,67 %
2024-12-09 20:28:00,67 %
2024-12-09 20:43:00,67 %
2024-12-09 20:58:00,67 %
2024-12-09 21:13:00,67 %
2024-12-09 21:28:00,67 %
2024-12-09 21:44:00,67 %
2024-12-09 21:59:00,67 %
2024-12-09 22:14:00,67 %
2024-12-09 22:30:00,67 %
2024-12-09 22:45:00,67 %
2024-12-09 23:00:00,67 %
2024-12-09 23:15:00,67 %
2024-12-09 23:31:00,67 %
2024-12-09 23:46:00,67 %
2024-12-10 00:01:00,67 %
2024-12-10 00:16:00,68 %
2024-12-10 00:31:00,67 %
2024-12-10 00:46:00,68 %
2024-12-10 01:02:00,68 %
2024-12-10 01:20:00,68 %
2024-12-10 01:35:00,68 %
2024-12-10 01:50:00,69 %
2024-12-10 02:06:00,69 %
2024-12-10 02:21:00,69 %
2024-12-10 02:36:00,69 %
2024-12-10 02:51:00,70 %
2024-12-10 03:06:00,70 %
2024-12-10 03:21:00,70 %
2024-12-10 03:36:00,71 %
2024-12-10 03:52:00,70 %
2024-12-10 04:07:00,70 %
2024-12-10 04:22:00,70 %
2024-12-10 04:37:00,71 %
2024-12-10 04:52:00,71 %
2024-12-10 05:07:00,71 %
2024-12-10 05:23:00,71 %
2024-12-10 05:38:00,71 %
2024-12-10 05:53:00,71 %
2024-12-10 06:08:00,70 %
2024-12-10 06:23:00,70 %
2024-12-10 06:38:00,70 %
2024-12-10 06:54:00,70 %
2024-12-10 07:09:00,70 %
2024-12-10 07:24:00,70 %
2024-12-10 07:39:00,70 %
2024-12-10 07:54:00,69 %
2024-12-10 08:09:00,69 %
2024-12-10 08:25:00,69 %
2024-12-10 08:40:00,69 %
2024-12-10 08:55:00,69 %
2024-12-10 09:10:00,68 %
2024-12-10 09:25:00,68 %
2024-12-10 09:40:00,68 %
2024-12-10 09:56:00,69 %
2024-12-10 10:11:00,69 %
2024-12-10 10:26:00,69 %
2024-12-10 10:41:00,69 %
2024-12-10 10:56:00,68 %
2024-12-10 11:11:00,68 %
2024-12-10 11:26:00,69 %
2024-12-10 11:42:00,69 %
2024-12-10 11:57:00,69 %
2024-12-10 12:12:00,69 %
2024-12-10 12:27:00,68 %
2024-12-10 12:42:00,68 %
2024-12-10 12:57:00,69 %
2024-12-10 13:13:00,70 %
2024-12-10 13:28:00,70 %
2024-12-10 13:43:00,70 %
2024-12-10 13:58:00,70 %
2024-12-10 14:13:00,70 %
2024-12-10 14:28:00,72 %
2024-12-10 14:44:00,73 %
2024-12-10 14:59:00,73 %
2024-12-10 15:14:00,73 %
2024-12-10 15:29:00,73 %
2024-12-10 15:44:00,72 %
2024-12-10 15:59:00,73 %
2024-12-10 16:15:00,73 %
2024-12-10 16:30:00,74 %
2024-12-10 16:45:00,74 %
2024-12-10 17:00:00,74 %
2024-12-10 17:15:00,74 %
2024-12-10 17:30:00,74 %
2024-12-10 17:46:00,73 %
2024-12-10 18:01:00,74 %
2024-12-10 18:16:00,74 %
2024-12-10 18:31:00,74 %
2024-12-10 18:47:00,74 %
2024-12-10 19:02:00,75 %
2024-12-10 19:17:00,75 %
2024-12-10 19:32:00,74 %
2024-12-10 19:47:00,74 %
2024-12-10 20:03:00,74 %
2024-12-10 20:18:00,74 %
2024-12-10 20:33:00,75 %
2024-12-10 20:48:00,75 %
2024-12-10 21:03:00,74 %
2024-12-10 21:19:00,74 %
2024-12-10 21:34:00,74 %
2024-12-10 21:49:00,74 %
2024-12-10 22:04:00,74 %
2024-12-10 22:19:00,74 %
2024-12-10 22:34:00,74 %
2024-12-10 22:50:00,74 %
2024-12-10 23:05:00,74 %
2024-12-10 23:20:00,74 %
2024-12-10 23:35:00,74 %
2024-12-10 23:50:00,74 %
2024-12-11 00:05:00,73 %
2024-12-11 00:21:00,73 %
2024-12-11 00:36:00,73 %
2024-12-11 00:51:00,74 %
2024-12-11 01:06:00,73 %
2024-12-11 01:21:00,73 %
2024-12-11 01:36:00,73 %
2024-12-11 01:52:00,73 %
2024-12-11 02:07:00,73 %
2024-12-11 02:22:00,73 %
2024-12-11 02:37:00,73 %
2024-12-11 02:52:00,73 %
2024-12-11 03:07:00,73 %
2024-12-11 03:23:00,73 %
2024-12-11 03:38:00,73 %
2024-12-11 03:53:00,73 %
2024-12-11 04:08:00,73 %
2024-12-11 04:23:00,73 %
2024-12-11 04:38:00,74 %
2024-12-11 04:54:00,74 %
2024-12-11 05:09:00,73 %
2024-12-11 05:24:00,73 %
2024-12-11 05:39:00,73 %
2024-12-11 05:54:00,73 %
2024-12-11 06:09:00,73 %
2024-12-11 06:25:00,73 %
2024-12-11 06:40:00,73 %
2024-12-11 06:55:00,73 %
2024-12-11 07:10:00,73 %
2024-12-11 07:25:00,72 %
2024-12-11 07:40:00,72 %
2024-12-11 07:55:00,72 %
2024-12-11 07:56:00,72 %
2024-12-11 08:11:00,72 %
2024-12-11 08:26:00,72 %
2024-12-11 08:41:00,72 %
2024-12-11 08:56:00,70 %
2024-12-11 09:11:00,71 %
2024-12-11 09:26:00,71 %
2024-12-11 09:42:00,71 %
2024-12-11 09:57:00,70 %
2024-12-11 10:12:00,70 %
2024-12-11 10:27:00,69 %
2024-12-11 10:42:00,69 %
2024-12-11 10:57:00,69 %
2024-12-11 11:13:00,69 %
2024-12-11 11:28:00,69 %
2024-12-11 11:43:00,69 %
2024-12-11 11:58:00,69 %
2024-12-11 12:13:00,69 %
2024-12-11 12:28:00,69 %
2024-12-11 12:44:00,70 %
2024-12-11 12:59:00,69 %
2024-12-11 13:14:00,69 %
2024-12-11 13:29:00,70 %
2024-12-11 13:44:00,71 %
2024-12-11 13:59:00,70 %
2024-12-11 14:15:00,71 %
2024-12-11 14:30:00,71 %
2024-12-11 14:45:00,72 %
2024-12-11 15:00:00,72 %
2024-12-11 15:15:00,72 %
2024-12-11 15:30:00,72 %
2024-12-11 15:46:00,72 %
2024-12-11 16:01:00,71 %
2024-12-11 16:16:00,72 %
2024-12-11 16:31:00,72 %
2024-12-11 16:46:00,72 %
2024-12-11 17:01:00,72 %
2024-12-11 17:17:00,72 %
2024-12-11 17:32:00,72 %
2024-12-11 17:47:00,72 %
2024-12-11 18:02:00,72 %
2024-12-11 18:17:00,73 %
2024-12-11 18:32:00,72 %
2024-12-11 18:48:00,72 %
2024-12-11 19:03:00,73 %
2024-12-11 19:18:00,73 %
2024-12-11 19:33:00,73 %
2024-12-11 19:48:00,73 %
2024-12-11 20:03:00,73 %
2024-12-11 20:19:00,73 %
2024-12-11 20:34:00,74 %
2024-12-11 20:49:00,74 %
2024-12-11 21:04:00,74 %
2024-12-11 21:19:00,74 %
2024-12-11 21:34:00,74 %
2024-12-11 21:50:00,74 %
2024-12-11 22:05:00,74 %
2024-12-11 22:20:00,74 %
2024-12-11 22:35:00,74 %
2024-12-11 22:50:00,74 %
2024-12-11 23:05:00,74 %
2024-12-11 23:21:00,74 %
2024-12-11 23:36:00,74 %
2024-12-11 23:51:00,74 %
2024-12-12 00:06:00,74 %
2024-12-12 00:21:00,73 %
2024-12-12 00:36:00,73 %
2024-12-12 00:51:00,73 %
2024-12-12 01:07:00,73 %
2024-12-12 01:22:00,73 %
2024-12-12 01:37:00,73 %
2024-12-12 01:52:00,73 %
2024-12-12 02:07:00,73 %
2024-12-12 02:23:00,74 %
2024-12-12 02:38:00,73 %
2024-12-12 02:53:00,73 %
2024-12-12 03:08:00,73 %
2024-12-12 03:23:00,73 %
2024-12-12 03:38:00,73 %
2024-12-12 03:54:00,73 %
2024-12-12 04:09:00,73 %
2024-12-12 04:24:00,73 %
2024-12-12 04:39:00,74 %
2024-12-12 04:54:00,74 %
2024-12-12 05:09:00,73 %
2024-12-12 05:24:00,74 %
2024-12-12 05:40:00,73 %
2024-12-12 05:55:00,73 %
2024-12-12 06:10:00,73 %
2024-12-12 06:25:00,73 %
2024-12-12 06:40:00,72 %
2024-12-12 06:55:00,72 %
2024-12-12 07:11:00,73 %
2024-12-12 07:26:00,73 %
2024-12-12 07:41:00,79 %
2024-12-12 07:56:00,73 %
2024-12-12 08:11:00,73 %
2024-12-12 08:26:00,72 %
2024-12-12 08:42:00,72 %
2024-12-12 08:57:00,71 %
2024-12-12 09:12:00,71 %
2024-12-12 09:27:00,71 %
2024-12-12 09:42:00,71 %
2024-12-12 09:57:00,70 %
2024-12-12 10:13:00,70 %
2024-12-12 10:28:00,69 %
2024-12-12 10:43:00,69 %
2024-12-12 10:58:00,69 %
2024-12-12 11:13:00,69 %
2024-12-12 11:28:00,69 %
2024-12-12 11:44:00,69 %
2024-12-12 11:59:00,69 %
2024-12-12 12:14:00,69 %
2024-12-12 12:29:00,69 %
2024-12-12 12:44:00,69 %
2024-12-12 12:59:00,69 %
2024-12-12 13:15:00,69 %
2024-12-12 13:30:00,69 %
2024-12-12 13:45:00,69 %
2024-12-12 14:00:00,69 %
2024-12-12 14:15:00,69 %
2024-12-12 14:30:00,69 %
2024-12-12 14:46:00,69 %
2024-12-12 15:01:00,69 %
2024-12-12 15:16:00,69 %
2024-12-12 15:31:00,69 %
2024-12-12 15:46:00,69 %
2024-12-12 16:01:00,69 %
2024-12-12 16:17:00,69 %
2024-12-12 16:32:00,69 %
2024-12-12 16:47:00,69 %
2024-12-12 17:02:00,69 %
2024-12-12 17:17:00,69 %
2024-12-12 17:32:00,69 %
2024-12-12 17:47:00,69 %
2024-12-12 18:03:00,69 %
2024-12-12 18:18:00,69 %
2024-12-12 18:33:00,69 %
2024-12-12 18:48:00,69 %
2024-12-12 19:03:00,69 %
2024-12-12 19:18:00,69 %
2024-12-12 19:34:00,67 %
2024-12-12 19:49:00,67 %
2024-12-12 20:04:00,67 %
2024-12-12 20:19:00,67 %
2024-12-12 20:34:00,67 %
2024-12-12 20:49:00,67 %
2024-12-12 21:05:00,67 %
2024-12-12 21:20:00,67 %
2024-12-12 21:35:00,67 %
2024-12-12 21:50:00,67 %
2024-12-12 22:05:00,68 %
2024-12-12 22:20:00,68 %
2024-12-12 22:36:00,68 %
2024-12-12 22:51:00,68 %
2024-12-12 23:06:00,68 %
2024-12-12 23:21:00,68 %
2024-12-12 23:36:00,68 %
2024-12-12 23:52:00,68 %
2024-12-13 00:07:00,69 %
2024-12-13 00:22:00,69 %
2024-12-13 00:37:00,69 %
2024-12-13 00:52:00,69 %
2024-12-13 01:07:00,69 %
2024-12-13 01:22:00,69 %
2024-12-13 01:38:00,69 %
2024-12-13 01:53:00,69 %
2024-12-13 02:08:00,69 %
2024-12-13 02:23:00,69 %
2024-12-13 02:38:00,69 %
2024-12-13 02:53:00,69 %
2024-12-13 03:09:00,69 %
2024-12-13 03:24:00,69 %
2024-12-13 03:39:00,69 %
2024-12-13 03:54:00,69 %
2024-12-13 04:09:00,69 %
2024-12-13 04:24:00,69 %
2024-12-13 04:40:00,69 %
2024-12-13 04:55:00,70 %
2024-12-13 05:10:00,70 %
2024-12-13 05:25:00,70 %
2024-12-13 05:40:00,70 %
2024-12-13 05:55:00,69 %
2024-12-13 06:11:00,68 %
2024-12-13 06:26:00,67 %
2024-12-13 06:41:00,67 %
2024-12-13 06:56:00,67 %
2024-12-13 07:11:00,67 %
2024-12-13 07:26:00,71 %
2024-12-13 07:42:00,71 %
2024-12-13 07:57:00,65 %
2024-12-13 08:12:00,65 %
2024-12-13 08:27:00,66 %
2024-12-13 08:42:00,66 %
2024-12-13 08:57:00,67 %
2024-12-13 09:12:00,67 %
2024-12-13 09:28:00,66 %
2024-12-13 09:43:00,66 %
2024-12-13 09:58:00,66 %
2024-12-13 10:13:00,66 %
2024-12-13 10:28:00,70 %
2024-12-13 10:43:00,65 %
2024-12-13 10:59:00,65 %
2024-12-13 11:14:00,67 %
2024-12-13 11:29:00,67 %
2024-12-13 11:44:00,64 %
2024-12-13 11:59:00,63 %
2024-12-13 12:14:00,63 %
2024-12-13 12:30:00,63 %
2024-12-13 12:45:00,63 %
2024-12-13 13:00:00,64 %
2024-12-13 13:15:00,65 %
2024-12-13 13:30:00,65 %
2024-12-13 13:45:00,65 %
2024-12-13 14:01:00,66 %
2024-12-13 14:16:00,66 %
2024-12-13 14:31:00,66 %
2024-12-13 14:46:00,66 %
2024-12-13 15:01:00,66 %
2024-12-13 15:16:00,65 %
2024-12-13 15:32:00,65 %
2024-12-13 15:47:00,65 %
2024-12-13 16:02:00,65 %
2024-12-13 16:17:00,66 %
2024-12-13 16:32:00,66 %
2024-12-13 16:47:00,66 %
2024-12-13 17:02:00,66 %
2024-12-13 17:03:00,66 %
2024-12-13 17:18:00,66 %
2024-12-13 17:33:00,66 %
2024-12-13 17:48:00,66 %
2024-12-13 18:03:00,59 %
2024-12-13 18:18:00,66 %
2024-12-13 18:33:00,66 %
2024-12-13 18:49:00,67 %
2024-12-13 19:04:00,67 %
2024-12-13 19:19:00,67 %
2024-12-13 19:34:00,68 %
2024-12-13 19:49:00,67 %
2024-12-13 20:04:00,58 %
2024-12-13 20:20:00,68 %
2024-12-13 20:35:00,68 %
2024-12-13 20:50:00,68 %
2024-12-13 21:05:00,70 %
2024-12-13 21:20:00,71 %
2024-12-13 21:35:00,72 %
2024-12-13 21:51:00,72 %
2024-12-13 22:06:00,72 %
2024-12-13 22:21:00,72 %
2024-12-13 22:36:00,72 %
2024-12-13 22:51:00,72 %
2024-12-13 23:07:00,72 %
2024-12-13 23:22:00,72 %
2024-12-13 23:37:00,70 %
2024-12-13 23:52:00,71 %
2024-12-14 00:07:00,71 %
2024-12-14 00:22:00,71 %
2024-12-14 00:38:00,71 %
2024-12-14 00:53:00,71 %
2024-12-14 01:08:00,71 %
2024-12-14 01:23:00,71 %
2024-12-14 01:38:00,81 %
2024-12-14 01:53:00,81 %
2024-12-14 02:08:00,82 %
2024-12-14 02:24:00,82 %
2024-12-14 02:39:00,82 %
2024-12-14 02:54:00,83 %
2024-12-14 03:09:00,83 %
2024-12-14 03:24:00,70 %
2024-12-14 03:39:00,82 %
2024-12-14 03:55:00,82 %
2024-12-14 04:10:00,82 %
2024-12-14 04:25:00,82 %
2024-12-14 04:40:00,82 %
2024-12-14 04:55:00,81 %
2024-12-14 05:10:00,81 %
2024-12-14 05:26:00,81 %
2024-12-14 05:41:00,81 %
2024-12-14 05:56:00,81 %
2024-12-14 06:11:00,82 %
2024-12-14 06:26:00,82 %
2024-12-14 06:41:00,82 %
2024-12-14 06:57:00,82 %
2024-12-14 07:12:00,71 %
2024-12-14 07:27:00,72 %
2024-12-14 07:42:00,72 %
2024-12-14 07:57:00,72 %
2024-12-14 08:12:00,79 %
2024-12-14 08:28:00,73 %
2024-12-14 08:43:00,62 %
2024-12-14 08:58:00,63 %
2024-12-14 09:13:00,61 %
2024-12-14 09:28:00,82 %
2024-12-14 09:43:00,81 %
2024-12-14 09:58:00,81 %
2024-12-14 09:59:00,81 %
2024-12-14 10:14:00,81 %
2024-12-14 10:29:00,70 %
2024-12-14 10:44:00,73 %
2024-12-14 10:59:00,70 %
2024-12-14 11:14:00,68 %
2024-12-14 11:29:00,69 %
2024-12-14 11:45:00,72 %
2024-12-14 12:00:00,73 %
2024-12-14 12:15:00,73 %
2024-12-14 12:30:00,73 %
2024-12-14 12:45:00,70 %
2024-12-14 13:00:00,71 %
2024-12-14 13:16:00,65 %
2024-12-14 13:31:00,65 %
2024-12-14 13:46:00,65 %
2024-12-14 14:01:00,65 %
2024-12-14 14:16:00,65 %
2024-12-14 14:31:00,65 %
2024-12-14 14:47:00,65 %
2024-12-14 15:02:00,70 %
2024-12-14 15:17:00,70 %
2024-12-14 15:32:00,65 %
2024-12-14 15:47:00,65 %
2024-12-14 16:02:00,70 %
2024-12-14 16:18:00,70 %
2024-12-14 16:33:00,69 %
2024-12-14 16:48:00,69 %
2024-12-14 17:03:00,69 %
2024-12-14 17:18:00,70 %
2024-12-14 17:33:00,70 %
2024-12-14 17:49:00,71 %
2024-12-14 18:04:00,71 %
2024-12-14 18:19:00,71 %
2024-12-14 18:34:00,75 %
2024-12-14 18:49:00,71 %
2024-12-14 19:04:00,71 %
2024-12-14 19:20:00,71 %
2024-12-14 19:35:00,77 %
2024-12-14 19:50:00,72 %
2024-12-14 20:05:00,72 %
2024-12-14 20:20:00,73 %
2024-12-14 20:35:00,74 %
2024-12-14 20:51:00,74 %
2024-12-14 21:06:00,74 %
2024-12-14 21:21:00,73 %
2024-12-14 21:36:00,73 %
2024-12-14 21:51:00,74 %
2024-12-14 22:06:00,74 %
2024-12-14 22:21:00,79 %
2024-12-14 22:37:00,79 %
2024-12-14 22:52:00,79 %
2024-12-14 23:07:00,79 %
2024-12-14 23:22:00,73 %
2024-12-14 23:37:00,74 %
2024-12-14 23:52:00,73 %
2024-12-15 00:08:00,73 %
2024-12-15 00:23:00,74 %
2024-12-15 00:38:00,74 %
2024-12-15 00:53:00,74 %
2024-12-15 01:08:00,79 %
2024-12-15 01:23:00,80 %
2024-12-15 01:39:00,80 %
2024-12-15 01:54:00,80 %
2024-12-15 02:09:00,78 %
2024-12-15 02:24:00,81 %
2024-12-15 02:39:00,78 %
2024-12-15 02:54:00,83 %
2024-12-15 03:10:00,83 %
2024-12-15 03:25:00,83 %
2024-12-15 03:40:00,83 %
2024-12-15 03:55:00,83 %
2024-12-15 04:10:00,81 %
2024-12-15 04:25:00,80 %
2024-12-15 04:41:00,80 %
2024-12-15 04:56:00,80 %
2024-12-15 05:11:00,80 %
2024-12-15 05:26:00,82 %
2024-12-15 05:41:00,82 %
2024-12-15 05:56:00,82 %
2024-12-15 06:11:00,82 %
2024-12-15 06:12:00,82 %
2024-12-15 06:27:00,81 %
2024-12-15 06:42:00,79 %
2024-12-15 06:57:00,79 %
2024-12-15 07:12:00,78 %
2024-12-15 07:27:00,80 %
2024-12-15 07:42:00,78 %
2024-12-15 07:58:00,78 %
2024-12-15 08:13:00,78 %
2024-12-15 08:28:00,77 %
2024-12-15 08:43:00,72 %
2024-12-15 08:58:00,72 %
2024-12-15 09:13:00,72 %
2024-12-15 09:29:00,71 %
2024-12-15 09:44:00,76 %
2024-12-15 09:59:00,75 %
2024-12-15 10:14:00,77 %
2024-12-15 10:29:00,75 %
2024-12-15 10:44:00,74 %
2024-12-15 11:00:00,74 %
2024-12-15 11:15:00,73 %
2024-12-15 11:30:00,74 %
2024-12-15 11:45:00,74 %
2024-12-15 12:00:00,73 %
2024-12-15 12:16:00,73 %
2024-12-15 12:31:00,72 %
2024-12-15 12:46:00,73 %
2024-12-15 13:01:00,74 %
2024-12-15 13:16:00,76 %
2024-12-15 13:31:00,75 %
2024-12-15 13:47:00,74 %
2024-12-15 14:02:00,73 %
2024-12-15 14:17:00,74 %
2024-12-15 14:32:00,73 %
2024-12-15 14:47:00,72 %
2024-12-15 15:02:00,72 %
2024-12-15 15:18:00,72 %
2024-12-15 15:33:00,72 %
2024-12-15 15:48:00,71 %
2024-12-15 16:03:00,71 %
2024-12-15 16:18:00,68 %
2024-12-15 16:33:00,68 %
2024-12-15 16:49:00,67 %
2024-12-15 17:04:00,71 %
2024-12-15 17:19:00,70 %
2024-12-15 17:34:00,70 %
2024-12-15 17:49:00,67 %
2024-12-15 18:04:00,67 %
2024-12-15 18:20:00,67 %
2024-12-15 18:35:00,67 %
2024-12-15 18:50:00,70 %
2024-12-15 19:05:00,67 %
2024-12-15 19:20:00,67 %
2024-12-15 19:36:00,67 %
2024-12-15 19:51:00,67 %
2024-12-15 20:06:00,67 %
2024-12-15 20:21:00,67 %
2024-12-15 20:36:00,67 %
2024-12-15 20:52:00,67 %
2024-12-15 21:07:00,67 %
2024-12-15 21:22:00,68 %
2024-12-15 21:37:00,71 %
2024-12-15 21:52:00,71 %
2024-12-15 22:07:00,71 %
2024-12-15 22:23:00,71 %
2024-12-15 22:38:00,79 %
2024-12-15 22:53:00,79 %
2024-12-15 23:08:00,79 %
2024-12-15 23:24:00,78 %
2024-12-15 23:39:00,74 %
2024-12-15 23:54:00,74 %
2024-12-16 00:09:00,78 %
2024-12-16 00:24:00,78 %
2024-12-16 00:39:00,76 %
2024-12-16 00:55:00,71 %
2024-12-16 07:12:00,79 %
2024-12-16 07:13:00,79 %
2024-12-16 07:14:00,79 %
2024-12-16 07:29:00,80 %
2024-12-16 07:44:00,80 %
2024-12-16 07:59:00,80 %
2024-12-16 08:14:00,76 %
2024-12-16 08:30:00,75 %
2024-12-16 08:45:00,75 %
2024-12-16 09:00:00,75 %
2024-12-16 09:15:00,75 %
2024-12-16 09:30:00,71 %
2024-12-16 09:45:00,71 %
2024-12-16 10:00:00,75 %
2024-12-16 10:16:00,75 %
2024-12-16 10:31:00,75 %
2024-12-16 10:46:00,75 %
2024-12-16 11:01:00,75 %
2024-12-16 11:16:00,75 %
2024-12-16 11:31:00,75 %
2024-12-16 11:47:00,76 %
2024-12-16 12:02:00,75 %
2024-12-16 12:17:00,76 %
2024-12-16 12:32:00,76 %
2024-12-16 12:47:00,76 %
2024-12-16 13:02:00,76 %
2024-12-16 13:18:00,76 %
2024-12-16 13:33:00,76 %
2024-12-16 13:48:00,76 %
2024-12-16 14:03:00,76 %
2024-12-16 14:18:00,76 %
2024-12-16 14:33:00,76 %
2024-12-16 14:49:00,76 %
2024-12-16 15:04:00,68 %
2024-12-16 15:19:00,68 %
2024-12-16 15:34:00,68 %
2024-12-16 15:49:00,73 %
2024-12-16 16:04:00,73 %
2024-12-16 16:20:00,73 %
2024-12-16 16:35:00,73 %
2024-12-16 16:50:00,73 %
2024-12-16 17:05:00,73 %
2024-12-16 17:20:00,73 %
2024-12-16 17:35:00,73 %
2024-12-16 17:50:00,73 %
2024-12-16 18:06:00,73 %
2024-12-16 18:21:00,73 %
2024-12-16 18:36:00,73 %
2024-12-16 18:51:00,78 %
2024-12-16 19:06:00,77 %
2024-12-16 19:21:00,77 %
2024-12-16 19:37:00,77 %
2024-12-16 19:52:00,77 %
2024-12-16 20:07:00,78 %
2024-12-16 20:22:00,78 %
2024-12-16 20:37:00,78 %
2024-12-16 20:52:00,78 %
2024-12-16 21:08:00,79 %
2024-12-16 21:23:00,80 %
2024-12-16 21:38:00,85 %
2024-12-16 21:53:00,86 %
2024-12-16 22:08:00,87 %
2024-12-16 22:23:00,87 %
2024-12-16 22:39:00,84 %
2024-12-16 22:54:00,78 %
2024-12-16 23:09:00,78 %
2024-12-16 23:24:00,78 %
2024-12-16 23:39:00,77 %
2024-12-16 23:54:00,77 %
2024-12-16 23:55:00,77 %
2024-12-17 00:10:00,76 %
2024-12-17 00:25:00,77 %
2024-12-17 00:40:00,76 %
2024-12-17 00:55:00,76 %
2024-12-17 01:10:00,77 %
2024-12-17 01:25:00,77 %
2024-12-17 01:41:00,76 %
2024-12-17 01:56:00,77 %
2024-12-17 02:11:00,78 %
2024-12-17 02:26:00,78 %
2024-12-17 02:41:00,77 %
2024-12-17 02:56:00,76 %
2024-12-17 03:12:00,76 %
2024-12-17 03:27:00,76 %
2024-12-17 03:42:00,76 %
2024-12-17 03:57:00,76 %
2024-12-17 04:12:00,76 %
2024-12-17 04:27:00,76 %
2024-12-17 04:43:00,77 %
2024-12-17 04:58:00,77 %
2024-12-17 05:13:00,77 %
2024-12-17 05:28:00,76 %
2024-12-17 05:43:00,76 %
2024-12-17 05:58:00,76 %
2024-12-17 06:14:00,75 %
2024-12-17 06:29:00,75 %
2024-12-17 06:44:00,75 %
2024-12-17 06:59:00,75 %
2024-12-17 07:14:00,75 %
2024-12-17 07:29:00,75 %
2024-12-17 07:45:00,75 %
2024-12-17 08:00:00,75 %
2024-12-17 08:15:00,75 %
2024-12-17 08:30:00,75 %
2024-12-17 08:45:00,75 %
2024-12-17 09:00:00,74 %
2024-12-17 09:15:00,74 %
2024-12-17 09:31:00,74 %
2024-12-17 09:46:00,74 %
2024-12-17 10:01:00,74 %
2024-12-17 10:16:00,71 %
2024-12-17 10:31:00,71 %
2024-12-17 10:46:00,71 %
2024-12-17 11:02:00,73 %
2024-12-17 11:17:00,70 %
2024-12-17 11:32:00,73 %
2024-12-17 11:47:00,69 %
2024-12-17 12:02:00,70 %
2024-12-17 12:17:00,70 %
2024-12-17 12:33:00,70 %
2024-12-17 12:48:00,69 %
2024-12-17 13:03:00,69 %
2024-12-17 13:18:00,70 %
2024-12-17 13:33:00,70 %
2024-12-17 13:48:00,71 %
2024-12-17 14:04:00,71 %
2024-12-17 14:19:00,74 %
2024-12-17 14:34:00,75 %
2024-12-17 14:49:00,75 %
2024-12-17 15:04:00,74 %
2024-12-17 15:19:00,74 %
2024-12-17 15:34:00,75 %
2024-12-17 15:35:00,75 %
2024-12-17 15:50:00,75 %
2024-12-17 16:05:00,75 %
2024-12-17 16:20:00,75 %
2024-12-17 16:35:00,75 %
2024-12-17 16:50:00,75 %
2024-12-17 17:05:00,75 %
2024-12-17 17:21:00,75 %
2024-12-17 17:36:00,75 %
2024-12-17 17:51:00,75 %
2024-12-17 18:06:00,75 %
2024-12-17 18:21:00,75 %
2024-12-17 18:36:00,75 %
2024-12-17 18:52:00,75 %
2024-12-17 19:07:00,75 %
2024-12-17 19:22:00,75 %
2024-12-17 19:37:00,75 %
2024-12-17 19:52:00,83 %
2024-12-17 20:07:00,83 %
2024-12-17 20:23:00,75 %
2024-12-17 20:38:00,76 %
2024-12-17 20:53:00,76 %
2024-12-17 21:08:00,76 %
2024-12-17 21:23:00,76 %
2024-12-17 21:38:00,81 %
2024-12-17 21:54:00,83 %
2024-12-17 22:09:00,76 %
2024-12-17 22:24:00,76 %
2024-12-17 22:39:00,77 %
2024-12-17 22:54:00,77 %
2024-12-17 23:09:00,83 %
2024-12-17 23:25:00,77 %
2024-12-17 23:40:00,78 %
2024-12-17 23:55:00,78 %
2024-12-18 00:10:00,78 %
2024-12-18 00:25:00,78 %
2024-12-18 00:40:00,78 %
2024-12-18 00:56:00,78 %
2024-12-18 01:11:00,78 %
2024-12-18 01:26:00,78 %
2024-12-18 01:41:00,78 %
2024-12-18 01:56:00,78 %
2024-12-18 02:11:00,78 %
2024-12-18 02:27:00,78 %
2024-12-18 02:42:00,78 %
2024-12-18 02:57:00,77 %
2024-12-18 03:12:00,76 %
2024-12-18 03:27:00,77 %
2024-12-18 03:42:00,78 %
2024-12-18 03:57:00,78 %
2024-12-18 04:13:00,84 %
2024-12-18 04:28:00,77 %
2024-12-18 04:43:00,78 %
2024-12-18 04:58:00,78 %
2024-12-18 05:13:00,78 %
2024-12-18 05:28:00,79 %
2024-12-18 05:44:00,79 %
2024-12-18 05:59:00,79 %
2024-12-18 06:14:00,79 %
2024-12-18 06:29:00,79 %
2024-12-18 06:44:00,79 %
2024-12-18 06:59:00,78 %
2024-12-18 07:15:00,77 %
2024-12-18 07:30:00,78 %
2024-12-18 07:45:00,77 %
2024-12-18 08:00:00,77 %
2024-12-18 08:15:00,77 %
2024-12-18 08:30:00,76 %
2024-12-18 08:46:00,77 %
2024-12-18 09:01:00,76 %
2024-12-18 09:16:00,76 %
2024-12-18 09:31:00,76 %
2024-12-18 09:46:00,75 %
2024-12-18 10:01:00,75 %
2024-12-18 10:16:00,75 %
2024-12-18 10:17:00,75 %
2024-12-18 10:32:00,72 %
2024-12-18 10:47:00,65 %
2024-12-18 11:02:00,65 %
2024-12-18 11:17:00,65 %
2024-12-18 11:32:00,66 %
2024-12-18 11:47:00,68 %
2024-12-18 12:03:00,69 %
2024-12-18 12:18:00,69 %
2024-12-18 12:33:00,69 %
2024-12-18 12:48:00,70 %
2024-12-18 13:03:00,70 %
2024-12-18 13:18:00,69 %
2024-12-18 13:34:00,67 %
2024-12-18 13:49:00,66 %
2024-12-18 14:04:00,61 %
2024-12-18 14:19:00,60 %
2024-12-18 14:34:00,64 %
2024-12-18 14:49:00,66 %
2024-12-18 15:05:00,66 %
2024-12-18 15:20:00,63 %
2024-12-18 15:35:00,62 %
2024-12-18 15:50:00,62 %
2024-12-18 16:05:00,63 %
2024-12-18 16:20:00,64 %
2024-12-18 16:36:00,67 %
2024-12-18 16:51:00,58 %
2024-12-18 17:06:00,58 %
2024-12-18 17:21:00,58 %
2024-12-18 17:36:00,69 %
2024-12-18 17:51:00,72 %
2024-12-18 18:06:00,72 %
2024-12-18 18:07:00,72 %
2024-12-18 18:22:00,72 %
2024-12-18 18:37:00,69 %
2024-12-18 18:52:00,69 %
2024-12-18 19:07:00,69 %
2024-12-18 19:22:00,69 %
2024-12-18 19:37:00,71 %
2024-12-18 19:53:00,71 %
2024-12-18 20:08:00,71 %
2024-12-18 20:23:00,71 %
2024-12-18 20:38:00,72 %
2024-12-18 20:53:00,72 %
2024-12-18 21:08:00,72 %
2024-12-18 21:24:00,72 %
