Time,Temperature
2024-11-26 00:00:00,11.46 °C
2024-11-26 00:15:00,11.45 °C
2024-11-26 00:30:00,11.36 °C
2024-11-26 00:45:00,11.36 °C
2024-11-26 01:01:00,11.32 °C
2024-11-26 01:16:00,11.22 °C
2024-11-26 01:31:00,11.21 °C
2024-11-26 01:46:00,11.25 °C
2024-11-26 02:01:00,11.19 °C
2024-11-26 02:16:00,11.06 °C
2024-11-26 02:32:00,10.93 °C
2024-11-26 02:47:00,10.81 °C
2024-11-26 03:02:00,10.58 °C
2024-11-26 03:17:00,10.38 °C
2024-11-26 03:32:00,10.28 °C
2024-11-26 03:47:00,9.94 °C
2024-11-26 04:02:00,9.89 °C
2024-11-26 04:18:00,9.89 °C
2024-11-26 04:33:00,9.86 °C
2024-11-26 04:48:00,9.86 °C
2024-11-26 05:03:00,9.44 °C
2024-11-26 05:18:00,9.38 °C
2024-11-26 05:33:00,9.38 °C
2024-11-26 05:49:00,9.34 °C
2024-11-26 06:04:00,9.5 °C
2024-11-26 06:19:00,9.3 °C
2024-11-26 06:34:00,9.05 °C
2024-11-26 06:49:00,9.01 °C
2024-11-26 07:04:00,9.09 °C
2024-11-26 07:20:00,9.04 °C
2024-11-26 07:35:00,9.25 °C
2024-11-26 07:50:00,8.86 °C
2024-11-26 08:05:00,8.91 °C
2024-11-26 08:20:00,9.36 °C
2024-11-26 08:35:00,9.55 °C
2024-11-26 08:51:00,9.84 °C
2024-11-26 09:06:00,10.34 °C
2024-11-26 09:21:00,10.64 °C
2024-11-26 09:36:00,10.93 °C
2024-11-26 09:51:00,11.02 °C
2024-11-26 10:06:00,11.13 °C
2024-11-26 10:22:00,11.17 °C
2024-11-26 10:37:00,11.43 °C
2024-11-26 10:52:00,11.78 °C
2024-11-26 11:07:00,12.11 °C
2024-11-26 11:22:00,12.3 °C
2024-11-26 11:37:00,11.67 °C
2024-11-26 11:53:00,11.95 °C
2024-11-26 12:08:00,11.78 °C
2024-11-26 12:23:00,11.91 °C
2024-11-26 12:38:00,11.88 °C
2024-11-26 12:53:00,11.85 °C
2024-11-26 13:08:00,11.96 °C
2024-11-26 13:23:00,11.83 °C
2024-11-26 13:39:00,11.58 °C
2024-11-26 13:54:00,11.24 °C
2024-11-26 14:09:00,11.44 °C
2024-11-26 14:24:00,11.34 °C
2024-11-26 14:39:00,11.15 °C
2024-11-26 14:54:00,11.12 °C
2024-11-26 15:10:00,10.93 °C
2024-11-26 15:25:00,10.95 °C
2024-11-26 15:40:00,10.62 °C
2024-11-26 15:55:00,10.65 °C
2024-11-26 16:10:00,10.11 °C
2024-11-26 16:25:00,10 °C
2024-11-26 16:41:00,9.94 °C
2024-11-26 16:56:00,9.32 °C
2024-11-26 17:11:00,9.38 °C
2024-11-26 17:26:00,8.71 °C
2024-11-26 17:41:00,8.68 °C
2024-11-26 17:56:00,8.67 °C
2024-11-26 18:12:00,8.76 °C
2024-11-26 18:27:00,8.62 °C
2024-11-26 18:42:00,8.41 °C
2024-11-26 18:57:00,8.26 °C
2024-11-26 19:12:00,8.02 °C
2024-11-26 19:27:00,8.19 °C
2024-11-26 19:43:00,8.33 °C
2024-11-26 19:58:00,8.24 °C
2024-11-26 20:13:00,8.17 °C
2024-11-26 20:28:00,8 °C
2024-11-26 20:43:00,7.86 °C
2024-11-26 20:58:00,7.82 °C
2024-11-26 21:14:00,8.08 °C
2024-11-26 21:29:00,7.9 °C
2024-11-26 21:44:00,7.75 °C
2024-11-26 21:59:00,7.75 °C
2024-11-26 22:14:00,7.74 °C
2024-11-26 22:29:00,7.69 °C
2024-11-26 22:45:00,7.2 °C
2024-11-26 23:00:00,7.28 °C
2024-11-26 23:15:00,7.28 °C
2024-11-26 23:30:00,6.98 °C
2024-11-26 23:45:00,6.9 °C
2024-11-27 00:00:00,6.69 °C
2024-11-27 00:16:00,6.68 °C
2024-11-27 00:31:00,6.29 °C
2024-11-27 00:46:00,6.7 °C
2024-11-27 01:01:00,6.86 °C
2024-11-27 01:16:00,6.8 °C
2024-11-27 01:31:00,6.89 °C
2024-11-27 01:47:00,6.56 °C
2024-11-27 02:02:00,6.74 °C
2024-11-27 02:17:00,6.67 °C
2024-11-27 02:32:00,6.53 °C
2024-11-27 02:47:00,6.14 °C
2024-11-27 03:02:00,6.01 °C
2024-11-27 03:18:00,6.18 °C
2024-11-27 03:33:00,6.12 °C
2024-11-27 03:48:00,6.01 °C
2024-11-27 04:03:00,5.89 °C
2024-11-27 04:18:00,6.08 °C
2024-11-27 04:33:00,5.98 °C
2024-11-27 04:49:00,6.02 °C
2024-11-27 05:04:00,5.79 °C
2024-11-27 05:19:00,5.62 °C
2024-11-27 05:34:00,5.2 °C
2024-11-27 05:49:00,5.51 °C
2024-11-27 06:04:00,5.26 °C
2024-11-27 06:19:00,5.13 °C
2024-11-27 06:35:00,5.28 °C
2024-11-27 06:50:00,5.17 °C
2024-11-27 07:05:00,5.23 °C
2024-11-27 07:20:00,4.94 °C
2024-11-27 07:35:00,5.24 °C
2024-11-27 07:50:00,5.27 °C
2024-11-27 08:06:00,5.24 °C
2024-11-27 08:21:00,5.33 °C
2024-11-27 08:36:00,5.91 °C
2024-11-27 08:51:00,5.96 °C
2024-11-27 09:06:00,6.92 °C
2024-11-27 09:21:00,7.44 °C
2024-11-27 09:37:00,7.72 °C
2024-11-27 09:52:00,8.9 °C
2024-11-27 10:07:00,9.41 °C
2024-11-27 10:22:00,10.42 °C
2024-11-27 10:37:00,10.22 °C
2024-11-27 10:52:00,10.86 °C
2024-11-27 11:08:00,11.08 °C
2024-11-27 11:23:00,11.53 °C
2024-11-27 11:38:00,11.35 °C
2024-11-27 11:53:00,11.2 °C
2024-11-27 12:08:00,12.15 °C
2024-11-27 12:23:00,12.24 °C
2024-11-27 12:39:00,12.56 °C
2024-11-27 12:54:00,12.17 °C
2024-11-27 13:09:00,12.67 °C
2024-11-27 13:24:00,13.18 °C
2024-11-27 13:39:00,13.13 °C
2024-11-27 13:54:00,13.13 °C
2024-11-27 14:10:00,13.2 °C
2024-11-27 14:25:00,12.73 °C
2024-11-27 14:40:00,12.03 °C
2024-11-27 14:55:00,12.16 °C
2024-11-27 15:10:00,12.1 °C
2024-11-27 15:25:00,11.92 °C
2024-11-27 15:40:00,10.24 °C
2024-11-27 15:56:00,11.03 °C
2024-11-27 16:11:00,10.96 °C
2024-11-27 16:26:00,10.93 °C
2024-11-27 16:41:00,11.52 °C
2024-11-27 16:56:00,11.71 °C
2024-11-27 17:11:00,11.68 °C
2024-11-27 17:27:00,11.79 °C
2024-11-27 17:42:00,11.8 °C
2024-11-27 17:57:00,11.8 °C
2024-11-27 18:12:00,11.79 °C
2024-11-27 18:27:00,11.57 °C
2024-11-27 18:43:00,11.65 °C
2024-11-27 18:58:00,11.82 °C
2024-11-27 19:13:00,11.61 °C
2024-11-27 19:28:00,11.6 °C
2024-11-27 19:43:00,11.52 °C
2024-11-27 19:58:00,11.74 °C
2024-11-27 20:14:00,11.83 °C
2024-11-27 20:29:00,11.93 °C
2024-11-27 20:44:00,11.84 °C
2024-11-27 20:59:00,11.83 °C
2024-11-27 21:14:00,11.84 °C
2024-11-27 21:29:00,11.85 °C
2024-11-27 21:45:00,11.83 °C
2024-11-27 22:00:00,11.55 °C
2024-11-27 22:15:00,11.83 °C
2024-11-27 22:30:00,11.87 °C
2024-11-27 22:45:00,11.67 °C
2024-11-27 23:00:00,11.6 °C
2024-11-27 23:16:00,12 °C
2024-11-27 23:31:00,10.76 °C
2024-11-27 23:46:00,10.91 °C
2024-11-28 00:01:00,11.2 °C
2024-11-28 00:16:00,11.19 °C
2024-11-28 00:31:00,11.47 °C
2024-11-28 00:47:00,11.39 °C
2024-11-28 01:02:00,11.43 °C
2024-11-28 01:17:00,11.65 °C
2024-11-28 01:32:00,11.12 °C
2024-11-28 01:47:00,10.78 °C
2024-11-28 02:02:00,10.95 °C
2024-11-28 02:17:00,10.5 °C
2024-11-28 02:33:00,9.55 °C
2024-11-28 02:48:00,9.52 °C
2024-11-28 03:03:00,9.3 °C
2024-11-28 03:18:00,9.18 °C
2024-11-28 03:33:00,8.56 °C
2024-11-28 03:48:00,8.22 °C
2024-11-28 04:04:00,8.46 °C
2024-11-28 04:19:00,8.1 °C
2024-11-28 04:34:00,8.04 °C
2024-11-28 04:49:00,7.84 °C
2024-11-28 05:04:00,7.71 °C
2024-11-28 05:19:00,7.66 °C
2024-11-28 05:35:00,7.59 °C
2024-11-28 05:50:00,7.33 °C
2024-11-28 06:05:00,7.23 °C
2024-11-28 06:20:00,7.08 °C
2024-11-28 06:35:00,6.75 °C
2024-11-28 06:50:00,6.7 °C
2024-11-28 07:06:00,6.79 °C
2024-11-28 07:21:00,6.73 °C
2024-11-28 07:36:00,6.88 °C
2024-11-28 07:51:00,6.7 °C
2024-11-28 08:06:00,6.69 °C
2024-11-28 08:21:00,6.73 °C
2024-11-28 08:37:00,7.11 °C
2024-11-28 08:52:00,7.14 °C
2024-11-28 09:07:00,7.34 °C
2024-11-28 09:22:00,7.55 °C
2024-11-28 09:37:00,7.58 °C
2024-11-28 09:52:00,8.03 °C
2024-11-28 10:07:00,8.03 °C
2024-11-28 10:08:00,8.03 °C
2024-11-28 10:23:00,8.24 °C
2024-11-28 10:38:00,8.27 °C
2024-11-28 10:53:00,8.39 °C
2024-11-28 11:08:00,8.35 °C
2024-11-28 11:23:00,8.24 °C
2024-11-28 11:38:00,9.11 °C
2024-11-28 11:54:00,9.12 °C
2024-11-28 12:09:00,9.33 °C
2024-11-28 12:24:00,8.62 °C
2024-11-28 12:39:00,8.71 °C
2024-11-28 12:54:00,8.77 °C
2024-11-28 13:09:00,9.08 °C
2024-11-28 13:25:00,8.79 °C
2024-11-28 13:40:00,8.77 °C
2024-11-28 13:55:00,8.77 °C
2024-11-28 14:10:00,8.76 °C
2024-11-28 14:25:00,8.76 °C
2024-11-28 14:40:00,8.76 °C
2024-11-28 14:56:00,8.23 °C
2024-11-28 15:11:00,8.02 °C
2024-11-28 15:26:00,7.72 °C
2024-11-28 15:41:00,7.67 °C
2024-11-28 15:56:00,7.11 °C
2024-11-28 16:11:00,7.11 °C
2024-11-28 16:27:00,6.56 °C
2024-11-28 16:42:00,6.01 °C
2024-11-28 16:57:00,6.9 °C
2024-11-28 17:12:00,6 °C
2024-11-28 17:27:00,6.1 °C
2024-11-28 17:42:00,6.15 °C
2024-11-28 17:58:00,5.87 °C
2024-11-28 18:13:00,6.12 °C
2024-11-28 18:28:00,5.99 °C
2024-11-28 18:43:00,5.98 °C
2024-11-28 18:58:00,5.85 °C
2024-11-28 19:13:00,5.99 °C
2024-11-28 19:29:00,5.84 °C
2024-11-28 19:44:00,5.7 °C
2024-11-28 19:59:00,5.66 °C
2024-11-28 20:14:00,6.06 °C
2024-11-28 20:29:00,5.55 °C
2024-11-28 20:44:00,5.37 °C
2024-11-28 21:00:00,5.33 °C
2024-11-28 21:15:00,5.13 °C
2024-11-28 21:30:00,5.76 °C
2024-11-28 21:45:00,5.76 °C
2024-11-28 22:00:00,5.43 °C
2024-11-28 22:15:00,5.51 °C
2024-11-28 22:30:00,5.26 °C
2024-11-28 22:46:00,4.94 °C
2024-11-28 23:01:00,4.85 °C
2024-11-28 23:16:00,4.59 °C
2024-11-28 23:31:00,4.39 °C
2024-11-28 23:46:00,4.39 °C
2024-11-29 00:01:00,4.36 °C
2024-11-29 00:17:00,4.36 °C
2024-11-29 00:32:00,4.04 °C
2024-11-29 00:47:00,4.03 °C
2024-11-29 01:02:00,3.98 °C
2024-11-29 01:17:00,3.78 °C
2024-11-29 01:32:00,4.19 °C
2024-11-29 01:48:00,3.29 °C
2024-11-29 02:03:00,3.29 °C
2024-11-29 02:18:00,2.98 °C
2024-11-29 02:33:00,2.73 °C
2024-11-29 02:48:00,2.77 °C
2024-11-29 03:03:00,2.61 °C
2024-11-29 03:19:00,2.6 °C
2024-11-29 03:34:00,2.52 °C
2024-11-29 03:49:00,2.17 °C
2024-11-29 04:04:00,2.25 °C
2024-11-29 04:19:00,1.97 °C
2024-11-29 04:34:00,1.92 °C
2024-11-29 04:50:00,1.67 °C
2024-11-29 05:05:00,1.11 °C
2024-11-29 05:20:00,1.06 °C
2024-11-29 05:35:00,1.06 °C
2024-11-29 05:50:00,1.27 °C
2024-11-29 06:05:00,1.52 °C
2024-11-29 06:21:00,1.87 °C
2024-11-29 06:36:00,1.92 °C
2024-11-29 06:51:00,1.61 °C
2024-11-29 07:06:00,1.66 °C
2024-11-29 07:21:00,2.12 °C
2024-11-29 07:36:00,1.16 °C
2024-11-29 07:51:00,1.21 °C
2024-11-29 08:07:00,1.61 °C
2024-11-29 08:22:00,1.61 °C
2024-11-29 08:37:00,3.02 °C
2024-11-29 08:52:00,2.1 °C
2024-11-29 09:07:00,3.33 °C
2024-11-29 09:22:00,4.73 °C
2024-11-29 09:38:00,4.22 °C
2024-11-29 09:53:00,4.78 °C
2024-11-29 10:08:00,5.56 °C
2024-11-29 10:23:00,6.26 °C
2024-11-29 10:38:00,6.87 °C
2024-11-29 10:53:00,7.32 °C
2024-11-29 11:09:00,7.05 °C
2024-11-29 11:24:00,7.52 °C
2024-11-29 11:39:00,7.52 °C
2024-11-29 11:54:00,8.14 °C
2024-11-29 12:09:00,8.03 °C
2024-11-29 12:24:00,8.25 °C
2024-11-29 12:40:00,8.66 °C
2024-11-29 12:55:00,8.66 °C
2024-11-29 13:10:00,9.32 °C
2024-11-29 13:25:00,9 °C
2024-11-29 13:40:00,8.69 °C
2024-11-29 13:55:00,7.6 °C
2024-11-29 14:11:00,7.73 °C
2024-11-29 14:26:00,7.63 °C
2024-11-29 14:41:00,7.25 °C
2024-11-29 14:56:00,6.89 °C
2024-11-29 15:11:00,6.89 °C
2024-11-29 15:26:00,6.33 °C
2024-11-29 15:41:00,6 °C
2024-11-29 15:57:00,5.77 °C
2024-11-29 16:12:00,5.77 °C
2024-11-29 16:27:00,5.21 °C
2024-11-29 16:42:00,5.2 °C
2024-11-29 16:57:00,4.64 °C
2024-11-29 17:12:00,4.64 °C
2024-11-29 17:28:00,4.68 °C
2024-11-29 17:43:00,4.38 °C
2024-11-29 17:58:00,4.13 °C
2024-11-29 18:13:00,4.13 °C
2024-11-29 18:28:00,3.53 °C
2024-11-29 18:43:00,3.57 °C
2024-11-29 18:59:00,3.27 °C
2024-11-29 19:14:00,3.02 °C
2024-11-29 19:29:00,3.02 °C
2024-11-29 19:44:00,3.02 °C
2024-11-29 19:59:00,3.02 °C
2024-11-29 20:14:00,3.02 °C
2024-11-29 20:30:00,2.71 °C
2024-11-29 20:45:00,2.67 °C
2024-11-29 21:00:00,2.51 °C
2024-11-29 21:15:00,2.46 °C
2024-11-29 21:30:00,2.46 °C
2024-11-29 21:45:00,1.92 °C
2024-11-29 22:01:00,1.61 °C
2024-11-29 22:16:00,1.61 °C
2024-11-29 22:31:00,1.61 °C
2024-11-29 22:46:00,1.3 °C
2024-11-29 23:01:00,1.31 °C
2024-11-29 23:16:00,1.4 °C
2024-11-29 23:31:00,1.35 °C
2024-11-29 23:32:00,1.35 °C
2024-11-29 23:47:00,1.35 °C
2024-11-30 00:02:00,1.05 °C
2024-11-30 00:17:00,1.05 °C
2024-11-30 00:32:00,1 °C
2024-11-30 00:47:00,1.05 °C
2024-11-30 01:02:00,1.05 °C
2024-11-30 01:18:00,0.31 °C
2024-11-30 01:33:00,0.39 °C
2024-11-30 01:48:00,0.54 °C
2024-11-30 02:03:00,0.49 °C
2024-11-30 02:18:00,0.45 °C
2024-11-30 02:34:00,0.49 °C
2024-11-30 02:49:00,0.75 °C
2024-11-30 03:04:00,0.82 °C
2024-11-30 03:19:00,0.83 °C
2024-11-30 03:34:00,0.44 °C
2024-11-30 03:49:00,0.54 °C
2024-11-30 04:04:00,0.55 °C
2024-11-30 04:05:00,0.55 °C
2024-11-30 04:20:00,-0.1 °C
2024-11-30 04:35:00,-0.02 °C
2024-11-30 04:50:00,-0.07 °C
2024-11-30 05:05:00,0.02 °C
2024-11-30 05:20:00,0.46 °C
2024-11-30 05:35:00,-0.01 °C
2024-11-30 05:51:00,-0.01 °C
2024-11-30 06:06:00,0.37 °C
2024-11-30 06:21:00,0.09 °C
2024-11-30 06:36:00,0.02 °C
2024-11-30 06:51:00,0.02 °C
2024-11-30 07:06:00,0.02 °C
2024-11-30 07:22:00,-0.16 °C
2024-11-30 07:37:00,-0.53 °C
2024-11-30 07:52:00,-0.12 °C
2024-11-30 08:07:00,-0.23 °C
2024-11-30 08:22:00,0.32 °C
2024-11-30 08:37:00,1.32 °C
2024-11-30 08:53:00,1.22 °C
2024-11-30 09:08:00,2.43 °C
2024-11-30 09:23:00,2.98 °C
2024-11-30 09:38:00,3.21 °C
2024-11-30 09:53:00,4.1 °C
2024-11-30 10:08:00,4.32 °C
2024-11-30 10:24:00,5.54 °C
2024-11-30 10:39:00,5.69 °C
2024-11-30 10:54:00,5.81 °C
2024-11-30 11:09:00,6.12 °C
2024-11-30 11:24:00,6.33 °C
2024-11-30 11:39:00,6.37 °C
2024-11-30 11:54:00,6.37 °C
2024-11-30 12:10:00,6.97 °C
2024-11-30 12:25:00,6.97 °C
2024-11-30 12:40:00,7.44 °C
2024-11-30 12:55:00,8.05 °C
2024-11-30 13:10:00,7.79 °C
2024-11-30 13:25:00,8.14 °C
2024-11-30 13:41:00,8.19 °C
2024-11-30 13:56:00,9.18 °C
2024-11-30 14:11:00,9.18 °C
2024-11-30 14:26:00,8.19 °C
2024-11-30 14:41:00,7.64 °C
2024-11-30 14:56:00,7.47 °C
2024-11-30 15:12:00,7.24 °C
2024-11-30 15:27:00,6.88 °C
2024-11-30 15:42:00,6.33 °C
2024-11-30 15:57:00,6.07 °C
2024-11-30 16:12:00,5.73 °C
2024-11-30 16:27:00,5.46 °C
2024-11-30 16:43:00,5.15 °C
2024-11-30 16:58:00,4.84 °C
2024-11-30 17:13:00,4.59 °C
2024-11-30 17:28:00,4.09 °C
2024-11-30 17:43:00,3.74 °C
2024-11-30 17:58:00,3.54 °C
2024-11-30 18:14:00,3.59 °C
2024-11-30 18:29:00,3.36 °C
2024-11-30 18:44:00,3.08 °C
2024-11-30 18:59:00,3.13 °C
2024-11-30 19:14:00,2.68 °C
2024-11-30 19:29:00,2.28 °C
2024-11-30 19:45:00,2.3 °C
2024-11-30 20:00:00,1.62 °C
2024-11-30 20:15:00,1.55 °C
2024-11-30 20:30:00,1.65 °C
2024-11-30 20:45:00,1.41 °C
2024-11-30 21:00:00,1.06 °C
2024-11-30 21:15:00,0.75 °C
2024-11-30 21:31:00,0.45 °C
2024-11-30 21:46:00,0.24 °C
2024-11-30 22:01:00,-0.06 °C
2024-11-30 22:16:00,-0.31 °C
2024-11-30 22:31:00,0.49 °C
2024-11-30 22:46:00,-0.57 °C
2024-11-30 23:02:00,-0.31 °C
2024-11-30 23:17:00,-0.31 °C
2024-11-30 23:32:00,-0.66 °C
2024-11-30 23:47:00,-0.66 °C
2024-12-01 00:02:00,-0.87 °C
2024-12-01 00:17:00,-0.87 °C
2024-12-01 00:33:00,-0.87 °C
2024-12-01 00:48:00,-0.04 °C
2024-12-01 01:03:00,-0.04 °C
2024-12-01 01:18:00,-1.22 °C
2024-12-01 01:33:00,-1.22 °C
2024-12-01 01:48:00,-0.14 °C
2024-12-01 02:04:00,-0.59 °C
2024-12-01 02:19:00,-0.61 °C
2024-12-01 02:34:00,-0.89 °C
2024-12-01 02:49:00,-0.88 °C
2024-12-01 03:04:00,-0.89 °C
2024-12-01 03:19:00,-0.89 °C
2024-12-01 03:35:00,-1.44 °C
2024-12-01 03:50:00,-1.44 °C
2024-12-01 04:05:00,-1.44 °C
2024-12-01 04:20:00,-1.45 °C
2024-12-01 04:35:00,-1.99 °C
2024-12-01 04:50:00,-1.99 °C
2024-12-01 05:05:00,-1.45 °C
2024-12-01 05:21:00,-1.99 °C
2024-12-01 05:36:00,-1.45 °C
2024-12-01 05:51:00,-1.45 °C
2024-12-01 06:06:00,-0.89 °C
2024-12-01 06:21:00,-0.89 °C
2024-12-01 06:36:00,-0.89 °C
2024-12-01 06:52:00,-0.75 °C
2024-12-01 07:07:00,-0.62 °C
2024-12-01 07:22:00,-0.62 °C
2024-12-01 07:37:00,-0.62 °C
2024-12-01 07:52:00,-0.62 °C
2024-12-01 08:07:00,-0.67 °C
2024-12-01 08:23:00,-0.21 °C
2024-12-01 08:38:00,1.47 °C
2024-12-01 08:53:00,2.03 °C
2024-12-01 09:08:00,3 °C
2024-12-01 09:23:00,2.54 °C
2024-12-01 09:38:00,3.5 °C
2024-12-01 09:54:00,3.45 °C
2024-12-01 10:09:00,4.61 °C
2024-12-01 10:24:00,1.84 °C
2024-12-01 10:39:00,1.84 °C
2024-12-01 10:54:00,8.69 °C
2024-12-01 11:09:00,5.86 °C
2024-12-01 11:25:00,5.86 °C
2024-12-01 11:40:00,4.04 °C
2024-12-01 11:55:00,4.6 °C
2024-12-01 12:10:00,4.6 °C
2024-12-01 12:25:00,5.15 °C
2024-12-01 12:40:00,5.15 °C
2024-12-01 12:56:00,4.6 °C
2024-12-01 13:11:00,7.44 °C
2024-12-01 13:26:00,5.71 °C
2024-12-01 13:41:00,8.47 °C
2024-12-01 13:56:00,5.71 °C
2024-12-01 14:11:00,6 °C
2024-12-01 14:27:00,3.7 °C
2024-12-01 14:42:00,1.33 °C
2024-12-01 14:57:00,3.15 °C
2024-12-01 15:12:00,2.65 °C
2024-12-01 15:27:00,2.61 °C
2024-12-01 15:42:00,1.03 °C
2024-12-01 15:58:00,0.54 °C
2024-12-01 16:13:00,0.34 °C
2024-12-01 16:28:00,0.33 °C
2024-12-01 16:43:00,0.33 °C
2024-12-01 16:58:00,0.32 °C
2024-12-01 17:13:00,0.31 °C
2024-12-01 17:29:00,0.33 °C
2024-12-01 17:44:00,0.34 °C
2024-12-01 17:59:00,-0.08 °C
2024-12-01 18:14:00,0.31 °C
2024-12-01 18:29:00,0.45 °C
2024-12-01 18:44:00,0.45 °C
2024-12-01 19:00:00,0.84 °C
2024-12-01 19:15:00,0.69 °C
2024-12-01 19:30:00,0.81 °C
2024-12-01 19:45:00,1.05 °C
2024-12-01 20:00:00,0.87 °C
2024-12-01 20:15:00,0.47 °C
2024-12-01 20:31:00,0.77 °C
2024-12-01 20:46:00,-0.08 °C
2024-12-01 21:01:00,0.03 °C
2024-12-01 21:16:00,0.45 °C
2024-12-01 21:31:00,0.45 °C
2024-12-01 21:46:00,0.42 °C
2024-12-01 22:01:00,0.96 °C
2024-12-01 22:17:00,1.06 °C
2024-12-01 22:32:00,0.35 °C
2024-12-01 22:47:00,0.35 °C
2024-12-01 23:02:00,1.41 °C
2024-12-01 23:17:00,1.74 °C
2024-12-01 23:32:00,1.74 °C
2024-12-01 23:48:00,1.74 °C
2024-12-02 00:03:00,1.54 °C
2024-12-02 00:18:00,1.15 °C
2024-12-02 00:33:00,0.84 °C
2024-12-02 00:48:00,1.56 °C
2024-12-02 02:01:00,1.68 °C
2024-12-02 02:16:00,1.68 °C
2024-12-02 02:31:00,1.68 °C
2024-12-02 02:46:00,1.7 °C
2024-12-02 03:01:00,2.01 °C
2024-12-02 03:16:00,2.01 °C
2024-12-02 03:17:00,2.01 °C
2024-12-02 03:32:00,2.13 °C
2024-12-02 03:47:00,2.07 °C
2024-12-02 04:02:00,2.13 °C
2024-12-02 04:17:00,2.15 °C
2024-12-02 04:32:00,2.16 °C
2024-12-02 04:47:00,2.27 °C
2024-12-02 05:03:00,2.27 °C
2024-12-02 05:18:00,2.68 °C
2024-12-02 05:33:00,2.68 °C
2024-12-02 05:48:00,3.27 °C
2024-12-02 06:03:00,3.28 °C
2024-12-02 06:18:00,2.82 °C
2024-12-02 06:34:00,4.57 °C
2024-12-02 06:49:00,4.57 °C
2024-12-02 07:04:00,3.52 °C
2024-12-02 07:19:00,3.24 °C
2024-12-02 07:34:00,3.24 °C
2024-12-02 07:49:00,3.55 °C
2024-12-02 08:05:00,3.56 °C
2024-12-02 08:20:00,3.27 °C
2024-12-02 08:35:00,4.45 °C
2024-12-02 08:50:00,3.36 °C
2024-12-02 09:05:00,4.22 °C
2024-12-02 09:20:00,4.33 °C
2024-12-02 09:36:00,5.99 °C
2024-12-02 09:51:00,6.87 °C
2024-12-02 10:06:00,7.1 °C
2024-12-02 10:21:00,7.39 °C
2024-12-02 10:36:00,7.94 °C
2024-12-02 10:51:00,7.92 °C
2024-12-02 11:06:00,7.14 °C
2024-12-02 11:07:00,7.14 °C
2024-12-02 11:22:00,6.95 °C
2024-12-02 11:37:00,8.82 °C
2024-12-02 11:52:00,9.34 °C
2024-12-02 12:07:00,9.37 °C
2024-12-02 12:22:00,9.42 °C
2024-12-02 12:37:00,7.29 °C
2024-12-02 12:53:00,7.28 °C
2024-12-02 13:08:00,7.37 °C
2024-12-02 13:23:00,7.84 °C
2024-12-02 13:38:00,7.74 °C
2024-12-02 13:53:00,7.84 °C
2024-12-02 14:08:00,7.76 °C
2024-12-02 14:24:00,7.88 °C
2024-12-02 14:39:00,7.88 °C
2024-12-02 14:54:00,7.88 °C
2024-12-02 15:09:00,9.37 °C
2024-12-02 15:24:00,9.14 °C
2024-12-02 15:39:00,8.83 °C
2024-12-02 15:55:00,8.59 °C
2024-12-02 16:10:00,8.54 °C
2024-12-02 16:25:00,8.55 °C
2024-12-02 16:40:00,9 °C
2024-12-02 16:55:00,7.51 °C
2024-12-02 17:10:00,7.41 °C
2024-12-02 17:26:00,7.29 °C
2024-12-02 17:41:00,6.94 °C
2024-12-02 17:56:00,7.3 °C
2024-12-02 18:11:00,7.41 °C
2024-12-02 18:26:00,7.41 °C
2024-12-02 18:41:00,6.85 °C
2024-12-02 18:56:00,6.83 °C
2024-12-02 19:12:00,6.96 °C
2024-12-02 19:27:00,7.3 °C
2024-12-02 19:42:00,7.29 °C
2024-12-02 19:57:00,7.3 °C
2024-12-02 20:12:00,7.3 °C
2024-12-02 20:28:00,7.31 °C
2024-12-02 20:43:00,7.29 °C
2024-12-02 20:58:00,7.29 °C
2024-12-02 21:13:00,7.29 °C
2024-12-02 21:28:00,7.38 °C
2024-12-02 21:43:00,6.91 °C
2024-12-02 21:59:00,7.32 °C
2024-12-02 22:14:00,7.72 °C
2024-12-02 22:29:00,8.03 °C
2024-12-02 22:44:00,8.03 °C
2024-12-02 22:59:00,7.5 °C
2024-12-02 23:14:00,8.76 °C
2024-12-02 23:30:00,8.75 °C
2024-12-02 23:45:00,8.65 °C
2024-12-03 00:00:00,8.65 °C
2024-12-03 00:15:00,8.01 °C
2024-12-03 00:30:00,7.95 °C
2024-12-03 00:45:00,7.87 °C
2024-12-03 01:00:00,7.39 °C
2024-12-03 01:01:00,7.39 °C
2024-12-03 01:16:00,7.44 °C
2024-12-03 01:31:00,7.72 °C
2024-12-03 01:46:00,7.38 °C
2024-12-03 02:01:00,7.38 °C
2024-12-03 02:16:00,7.18 °C
2024-12-03 02:31:00,7.09 °C
2024-12-03 02:47:00,7.11 °C
2024-12-03 03:02:00,7.25 °C
2024-12-03 03:17:00,7.24 °C
2024-12-03 03:32:00,7.24 °C
2024-12-03 03:47:00,7.22 °C
2024-12-03 04:02:00,7.18 °C
2024-12-03 04:18:00,7.17 °C
2024-12-03 04:33:00,6.88 °C
2024-12-03 04:48:00,6.88 °C
2024-12-03 05:03:00,6.54 °C
2024-12-03 05:18:00,6.29 °C
2024-12-03 05:33:00,6.29 °C
2024-12-03 05:49:00,6.52 °C
2024-12-03 06:07:00,6.35 °C
2024-12-03 06:22:00,6.29 °C
2024-12-03 06:37:00,6.29 °C
2024-12-03 06:52:00,6.28 °C
2024-12-03 07:08:00,6.08 °C
2024-12-03 07:23:00,6.32 °C
2024-12-03 07:38:00,6.39 °C
2024-12-03 07:53:00,6.72 °C
2024-12-03 08:08:00,7.01 °C
2024-12-03 08:23:00,7.06 °C
2024-12-03 08:39:00,7.07 °C
2024-12-03 08:54:00,6.55 °C
2024-12-03 09:09:00,6.56 °C
2024-12-03 09:24:00,6.71 °C
2024-12-03 09:39:00,6.71 °C
2024-12-03 09:54:00,6.71 °C
2024-12-03 10:10:00,6.71 °C
2024-12-03 10:25:00,6.71 °C
2024-12-03 10:40:00,6.71 °C
2024-12-03 10:55:00,6.91 °C
2024-12-03 11:10:00,7.21 °C
2024-12-03 11:25:00,6.91 °C
2024-12-03 11:40:00,7.23 °C
2024-12-03 11:41:00,7.23 °C
2024-12-03 11:56:00,7.21 °C
2024-12-03 12:11:00,7.11 °C
2024-12-03 12:26:00,6.78 °C
2024-12-03 12:41:00,6.78 °C
2024-12-03 12:56:00,6.95 °C
2024-12-03 13:11:00,6.79 °C
2024-12-03 13:27:00,6.57 °C
2024-12-03 13:42:00,6.75 °C
2024-12-03 13:57:00,6.56 °C
2024-12-03 14:12:00,6.56 °C
2024-12-03 14:27:00,6.73 °C
2024-12-03 14:42:00,6.45 °C
2024-12-03 14:58:00,6.54 °C
2024-12-03 15:13:00,6.57 °C
2024-12-03 15:28:00,6.57 °C
2024-12-03 15:43:00,6.57 °C
2024-12-03 15:58:00,6.23 °C
2024-12-03 16:13:00,6.33 °C
2024-12-03 16:29:00,6.33 °C
2024-12-03 16:44:00,5.97 °C
2024-12-03 16:59:00,6.04 °C
2024-12-03 17:14:00,6.03 °C
2024-12-03 17:29:00,6.03 °C
2024-12-03 17:44:00,5.88 °C
2024-12-03 18:00:00,6.03 °C
2024-12-03 18:15:00,5.55 °C
2024-12-03 18:30:00,5.47 °C
2024-12-03 18:45:00,5.47 °C
2024-12-03 19:00:00,5.58 °C
2024-12-03 19:15:00,5.58 °C
2024-12-03 19:31:00,5.57 °C
2024-12-03 19:46:00,5.57 °C
2024-12-03 20:01:00,5.52 °C
2024-12-03 20:16:00,5.51 °C
2024-12-03 20:31:00,5.51 °C
2024-12-03 20:46:00,4.91 °C
2024-12-03 21:02:00,5.22 °C
2024-12-03 21:17:00,5.22 °C
2024-12-03 21:32:00,5.17 °C
2024-12-03 21:47:00,5.11 °C
2024-12-03 22:02:00,4.81 °C
2024-12-03 22:17:00,4.81 °C
2024-12-03 22:32:00,4.81 °C
2024-12-03 22:33:00,4.81 °C
2024-12-03 22:48:00,4.81 °C
2024-12-03 23:03:00,4.89 °C
2024-12-03 23:18:00,4.89 °C
2024-12-03 23:33:00,4.79 °C
2024-12-03 23:48:00,4.79 °C
2024-12-04 00:03:00,4.32 °C
2024-12-04 00:04:00,4.32 °C
2024-12-04 00:19:00,4.38 °C
2024-12-04 00:34:00,4.32 °C
2024-12-04 00:49:00,4.32 °C
2024-12-04 01:04:00,4.32 °C
2024-12-04 01:19:00,4.46 °C
2024-12-04 01:34:00,5.94 °C
2024-12-04 01:50:00,5.94 °C
2024-12-04 02:05:00,5.69 °C
2024-12-04 02:20:00,3.85 °C
2024-12-04 02:35:00,5.5 °C
2024-12-04 02:50:00,3.91 °C
2024-12-04 03:05:00,5.5 °C
2024-12-04 03:21:00,3.91 °C
2024-12-04 03:36:00,3.91 °C
2024-12-04 03:51:00,2.23 °C
2024-12-04 04:06:00,2.99 °C
2024-12-04 04:21:00,4.91 °C
2024-12-04 04:36:00,3.37 °C
2024-12-04 04:52:00,4.96 °C
2024-12-04 05:07:00,5.4 °C
2024-12-04 05:22:00,3.03 °C
2024-12-04 05:37:00,3.03 °C
2024-12-04 05:52:00,3.03 °C
2024-12-04 06:07:00,4.93 °C
2024-12-04 06:23:00,4.93 °C
2024-12-04 06:38:00,4.92 °C
2024-12-04 06:53:00,2.88 °C
2024-12-04 07:08:00,2.88 °C
2024-12-04 07:23:00,2.9 °C
2024-12-04 07:38:00,4.8 °C
2024-12-04 07:54:00,4.8 °C
2024-12-04 08:09:00,4.81 °C
2024-12-04 08:24:00,4.82 °C
2024-12-04 08:39:00,5.51 °C
2024-12-04 08:54:00,5.02 °C
2024-12-04 09:09:00,4.26 °C
2024-12-04 09:24:00,3.52 °C
2024-12-04 09:40:00,3.55 °C
2024-12-04 09:55:00,3.55 °C
2024-12-04 10:10:00,4.07 °C
2024-12-04 10:25:00,4.19 °C
2024-12-04 10:40:00,4.51 °C
2024-12-04 10:55:00,4.44 °C
2024-12-04 11:11:00,5.08 °C
2024-12-04 11:26:00,4.99 °C
2024-12-04 11:41:00,5.5 °C
2024-12-04 11:56:00,5.59 °C
2024-12-04 12:11:00,5.5 °C
2024-12-04 12:26:00,5.5 °C
2024-12-04 12:42:00,7.54 °C
2024-12-04 12:57:00,6.87 °C
2024-12-04 13:12:00,7.31 °C
2024-12-04 13:27:00,7.56 °C
2024-12-04 13:42:00,5.56 °C
2024-12-04 13:57:00,7.29 °C
2024-12-04 14:13:00,7.3 °C
2024-12-04 14:28:00,5.1 °C
2024-12-04 14:43:00,5.02 °C
2024-12-04 14:58:00,4.68 °C
2024-12-04 15:13:00,4.68 °C
2024-12-04 15:28:00,4.91 °C
2024-12-04 15:44:00,4.13 °C
2024-12-04 15:59:00,3.91 °C
2024-12-04 16:14:00,3.57 °C
2024-12-04 16:29:00,3.55 °C
2024-12-04 16:44:00,3.01 °C
2024-12-04 16:59:00,3 °C
2024-12-04 17:15:00,3.25 °C
2024-12-04 17:30:00,2.71 °C
2024-12-04 17:45:00,2.44 °C
2024-12-04 18:00:00,2.54 °C
2024-12-04 18:15:00,2.37 °C
2024-12-04 18:31:00,2.37 °C
2024-12-04 18:46:00,2.03 °C
2024-12-04 19:01:00,1.58 °C
2024-12-04 19:16:00,1.56 °C
2024-12-04 19:31:00,1.56 °C
2024-12-04 19:46:00,1.01 °C
2024-12-04 20:01:00,1.01 °C
2024-12-04 20:17:00,0.99 °C
2024-12-04 20:32:00,0.91 °C
2024-12-04 20:47:00,0.46 °C
2024-12-04 21:02:00,0.45 °C
2024-12-04 21:17:00,0.45 °C
2024-12-04 21:32:00,-0.01 °C
2024-12-04 21:48:00,-0.01 °C
2024-12-04 22:03:00,-0.55 °C
2024-12-04 22:18:00,-0.55 °C
2024-12-04 22:33:00,-0.55 °C
2024-12-04 22:48:00,-0.55 °C
2024-12-04 23:03:00,-0.64 °C
2024-12-04 23:19:00,-0.64 °C
2024-12-04 23:34:00,-0.64 °C
2024-12-04 23:49:00,-0.64 °C
2024-12-05 00:04:00,-0.64 °C
2024-12-05 00:19:00,-0.73 °C
2024-12-05 00:34:00,-0.76 °C
2024-12-05 00:50:00,-0.76 °C
2024-12-05 01:05:00,-0.76 °C
2024-12-05 01:20:00,-0.76 °C
2024-12-05 01:35:00,-1.24 °C
2024-12-05 01:50:00,-1.32 °C
2024-12-05 02:05:00,-1.32 °C
2024-12-05 02:21:00,-1.79 °C
2024-12-05 02:36:00,-1.5 °C
2024-12-05 02:51:00,-1.5 °C
2024-12-05 03:06:00,-1.86 °C
2024-12-05 03:21:00,-0.95 °C
2024-12-05 03:36:00,-0.95 °C
2024-12-05 03:52:00,-0.24 °C
2024-12-05 04:07:00,-0.24 °C
2024-12-05 04:22:00,-0.54 °C
2024-12-05 04:37:00,-0.54 °C
2024-12-05 04:52:00,-0.84 °C
2024-12-05 05:07:00,-0.54 °C
2024-12-05 05:22:00,-0.54 °C
2024-12-05 05:38:00,-0.54 °C
2024-12-05 05:53:00,-0.2 °C
2024-12-05 06:08:00,-0.84 °C
2024-12-05 06:23:00,-0.79 °C
2024-12-05 06:38:00,-0.9 °C
2024-12-05 06:53:00,-0.9 °C
2024-12-05 07:09:00,-0.9 °C
2024-12-05 07:24:00,-0.66 °C
2024-12-05 07:39:00,-0.29 °C
2024-12-05 07:54:00,1.04 °C
2024-12-05 08:09:00,0.49 °C
2024-12-05 08:24:00,1.74 °C
2024-12-05 08:40:00,2.58 °C
2024-12-05 08:55:00,3.14 °C
2024-12-05 09:10:00,0.76 °C
2024-12-05 09:25:00,1.32 °C
2024-12-05 09:40:00,3.13 °C
2024-12-05 09:55:00,3.27 °C
2024-12-05 10:11:00,3.26 °C
2024-12-05 10:26:00,4.52 °C
2024-12-05 10:41:00,4.53 °C
2024-12-05 10:56:00,4.71 °C
2024-12-05 11:11:00,4.71 °C
2024-12-05 11:26:00,4.65 °C
2024-12-05 11:42:00,3.67 °C
2024-12-05 11:57:00,4.62 °C
2024-12-05 12:12:00,4.39 °C
2024-12-05 12:27:00,4.94 °C
2024-12-05 12:42:00,4.94 °C
2024-12-05 12:57:00,5.23 °C
2024-12-05 13:12:00,4.92 °C
2024-12-05 13:28:00,4.76 °C
2024-12-05 13:43:00,4.68 °C
2024-12-05 13:58:00,4.36 °C
2024-12-05 14:13:00,4.69 °C
2024-12-05 14:28:00,4.29 °C
2024-12-05 14:43:00,4.19 °C
2024-12-05 14:59:00,4.19 °C
2024-12-05 15:14:00,4.19 °C
2024-12-05 15:29:00,4.28 °C
2024-12-05 15:44:00,3.75 °C
2024-12-05 15:59:00,3.73 °C
2024-12-05 16:14:00,3.73 °C
2024-12-05 16:30:00,4.08 °C
2024-12-05 16:45:00,3.2 °C
2024-12-05 17:00:00,3.14 °C
2024-12-05 17:15:00,3.63 °C
2024-12-05 17:30:00,3.62 °C
2024-12-05 17:46:00,3.63 °C
2024-12-05 18:01:00,3.63 °C
2024-12-05 18:16:00,3.63 °C
2024-12-05 18:31:00,4.16 °C
2024-12-05 18:46:00,4.16 °C
2024-12-05 19:01:00,4.18 °C
2024-12-05 19:17:00,4.26 °C
2024-12-05 19:32:00,4.27 °C
2024-12-05 19:47:00,4.27 °C
2024-12-05 20:02:00,4.36 °C
2024-12-05 20:17:00,4.36 °C
2024-12-05 20:32:00,4.81 °C
2024-12-05 20:48:00,5.18 °C
2024-12-05 21:03:00,5.18 °C
2024-12-05 21:18:00,6.63 °C
2024-12-05 21:33:00,6.95 °C
2024-12-05 21:48:00,6.95 °C
2024-12-05 22:03:00,7.23 °C
2024-12-05 22:19:00,7.23 °C
2024-12-05 22:34:00,7.55 °C
2024-12-05 22:49:00,6.78 °C
2024-12-05 23:04:00,7.25 °C
2024-12-05 23:19:00,7 °C
2024-12-05 23:34:00,6.97 °C
2024-12-05 23:50:00,7.79 °C
2024-12-06 00:05:00,7.53 °C
2024-12-06 00:20:00,7.55 °C
2024-12-06 00:35:00,7.53 °C
2024-12-06 00:50:00,7.53 °C
2024-12-06 01:05:00,7.41 °C
2024-12-06 01:21:00,7.42 °C
2024-12-06 01:36:00,7.79 °C
2024-12-06 01:51:00,7.64 °C
2024-12-06 02:06:00,7.64 °C
2024-12-06 02:21:00,8.09 °C
2024-12-06 02:36:00,8.09 °C
2024-12-06 02:51:00,8.35 °C
2024-12-06 02:52:00,8.35 °C
2024-12-06 03:07:00,8.18 °C
2024-12-06 03:22:00,9.4 °C
2024-12-06 03:37:00,9.4 °C
2024-12-06 03:52:00,8.2 °C
2024-12-06 04:07:00,9.73 °C
2024-12-06 04:22:00,9.73 °C
2024-12-06 04:38:00,9.73 °C
2024-12-06 04:53:00,9.72 °C
2024-12-06 05:08:00,9.71 °C
2024-12-06 05:23:00,9.27 °C
2024-12-06 05:38:00,9.19 °C
2024-12-06 05:53:00,8.98 °C
2024-12-06 06:09:00,8.44 °C
2024-12-06 06:24:00,8.35 °C
2024-12-06 06:39:00,9.37 °C
2024-12-06 06:54:00,7.87 °C
2024-12-06 07:09:00,7.86 °C
2024-12-06 07:24:00,7.92 °C
2024-12-06 07:40:00,7.92 °C
2024-12-06 07:55:00,8.2 °C
2024-12-06 08:10:00,7.77 °C
2024-12-06 08:25:00,8.21 °C
2024-12-06 08:40:00,8.41 °C
2024-12-06 08:55:00,8.41 °C
2024-12-06 09:11:00,8.41 °C
2024-12-06 09:26:00,8.41 °C
2024-12-06 09:41:00,8.4 °C
2024-12-06 09:56:00,8.4 °C
2024-12-06 10:11:00,8.22 °C
2024-12-06 10:26:00,8.21 °C
2024-12-06 10:41:00,8.39 °C
2024-12-06 10:42:00,8.39 °C
2024-12-06 10:57:00,8.21 °C
2024-12-06 11:12:00,8.79 °C
2024-12-06 11:27:00,8.94 °C
2024-12-06 11:42:00,8.76 °C
2024-12-06 11:57:00,8.78 °C
2024-12-06 12:13:00,9.22 °C
2024-12-06 12:28:00,9.67 °C
2024-12-06 12:43:00,9.67 °C
2024-12-06 12:58:00,9.72 °C
2024-12-06 13:13:00,9.3 °C
2024-12-06 13:28:00,9.72 °C
2024-12-06 13:44:00,9.65 °C
2024-12-06 13:59:00,9.32 °C
2024-12-06 14:14:00,8.9 °C
2024-12-06 14:29:00,8.9 °C
2024-12-06 14:44:00,8.68 °C
2024-12-06 14:59:00,8.21 °C
2024-12-06 15:15:00,8.26 °C
2024-12-06 15:30:00,8.07 °C
2024-12-06 15:45:00,8.25 °C
2024-12-06 16:00:00,8.25 °C
2024-12-06 16:15:00,8.25 °C
2024-12-06 16:30:00,8.25 °C
2024-12-06 16:46:00,8.25 °C
2024-12-06 17:01:00,8.25 °C
2024-12-06 17:16:00,7.86 °C
2024-12-06 17:31:00,8.17 °C
2024-12-06 17:46:00,7.53 °C
2024-12-06 18:01:00,7.79 °C
2024-12-06 18:17:00,7.79 °C
2024-12-06 18:32:00,7.79 °C
2024-12-06 18:47:00,7.53 °C
2024-12-06 19:02:00,7.53 °C
2024-12-06 19:17:00,7.53 °C
2024-12-06 19:32:00,7.71 °C
2024-12-06 19:48:00,7.7 °C
2024-12-06 20:03:00,7.31 °C
2024-12-06 20:18:00,7.24 °C
2024-12-06 20:33:00,6.96 °C
2024-12-06 20:48:00,6.88 °C
2024-12-06 21:04:00,6.87 °C
2024-12-06 21:19:00,7.05 °C
2024-12-06 21:34:00,6.4 °C
2024-12-06 21:49:00,6.4 °C
2024-12-06 22:04:00,6.39 °C
2024-12-06 22:20:00,6.39 °C
2024-12-06 22:35:00,6.3 °C
2024-12-06 22:50:00,6.3 °C
2024-12-06 23:05:00,6.28 °C
2024-12-06 23:20:00,5.83 °C
2024-12-06 23:35:00,5.77 °C
2024-12-06 23:51:00,5.67 °C
2024-12-07 00:06:00,5.67 °C
2024-12-07 00:21:00,5.21 °C
2024-12-07 00:36:00,5.2 °C
2024-12-07 00:51:00,4.65 °C
2024-12-07 01:06:00,4.63 °C
2024-12-07 01:22:00,4.19 °C
2024-12-07 01:37:00,4.19 °C
2024-12-07 01:52:00,4.19 °C
2024-12-07 02:07:00,3.72 °C
2024-12-07 02:22:00,3.63 °C
2024-12-07 02:37:00,4.08 °C
2024-12-07 02:53:00,4.17 °C
2024-12-07 03:08:00,4.08 °C
2024-12-07 03:23:00,3.62 °C
2024-12-07 03:38:00,3.61 °C
2024-12-07 03:53:00,3.61 °C
2024-12-07 04:08:00,3.63 °C
2024-12-07 04:24:00,3.7 °C
2024-12-07 04:39:00,4.19 °C
2024-12-07 04:54:00,4.28 °C
2024-12-07 05:09:00,4.28 °C
2024-12-07 05:24:00,4.72 °C
2024-12-07 05:39:00,4.72 °C
2024-12-07 05:55:00,5.19 °C
2024-12-07 06:10:00,5.18 °C
2024-12-07 06:25:00,5.19 °C
2024-12-07 06:40:00,5.29 °C
2024-12-07 06:55:00,5.29 °C
2024-12-07 07:10:00,5.74 °C
2024-12-07 07:26:00,5.74 °C
2024-12-07 07:41:00,6.28 °C
2024-12-07 07:56:00,6.3 °C
2024-12-07 08:11:00,6.73 °C
2024-12-07 08:26:00,6.73 °C
2024-12-07 08:41:00,6.3 °C
2024-12-07 08:57:00,5.83 °C
2024-12-07 09:12:00,5.73 °C
2024-12-07 09:27:00,5.73 °C
2024-12-07 09:42:00,5.82 °C
2024-12-07 09:57:00,5.84 °C
2024-12-07 10:12:00,5.85 °C
2024-12-07 10:27:00,6.41 °C
2024-12-07 10:43:00,7.22 °C
2024-12-07 10:58:00,6.97 °C
2024-12-07 11:13:00,6.97 °C
2024-12-07 11:28:00,7.05 °C
2024-12-07 11:43:00,6.95 °C
2024-12-07 11:58:00,6.95 °C
2024-12-07 12:14:00,6.95 °C
2024-12-07 12:29:00,7.03 °C
2024-12-07 12:44:00,7.05 °C
2024-12-07 12:59:00,7.16 °C
2024-12-07 13:14:00,9.04 °C
2024-12-07 13:29:00,9.08 °C
2024-12-07 13:45:00,9.37 °C
2024-12-07 14:00:00,9.6 °C
2024-12-07 14:15:00,9.64 °C
2024-12-07 14:30:00,9.91 °C
2024-12-07 14:45:00,9.47 °C
2024-12-07 15:00:00,9.91 °C
2024-12-07 15:01:00,9.91 °C
2024-12-07 15:16:00,9.4 °C
2024-12-07 15:31:00,9.36 °C
2024-12-07 15:46:00,9.3 °C
2024-12-07 16:01:00,9.3 °C
2024-12-07 16:16:00,8.85 °C
2024-12-07 16:31:00,8.41 °C
2024-12-07 16:47:00,8.39 °C
2024-12-07 17:02:00,8.37 °C
2024-12-07 17:17:00,8.37 °C
2024-12-07 17:32:00,8.3 °C
2024-12-07 17:47:00,7.86 °C
2024-12-07 18:02:00,7.34 °C
2024-12-07 18:18:00,9.27 °C
2024-12-07 18:33:00,6.96 °C
2024-12-07 18:48:00,6.6 °C
2024-12-07 19:03:00,6.6 °C
2024-12-07 19:18:00,6.6 °C
2024-12-07 19:33:00,6.41 °C
2024-12-07 19:49:00,6.04 °C
2024-12-07 20:04:00,8.03 °C
2024-12-07 20:19:00,8.02 °C
2024-12-07 20:34:00,7.78 °C
2024-12-07 20:49:00,6.33 °C
2024-12-07 21:05:00,5.84 °C
2024-12-07 21:20:00,5.35 °C
2024-12-07 21:36:00,5.48 °C
2024-12-07 21:51:00,5.12 °C
2024-12-07 22:06:00,5.01 °C
2024-12-07 22:21:00,4.51 °C
2024-12-07 22:36:00,4.51 °C
2024-12-07 22:51:00,4.51 °C
2024-12-07 23:06:00,4.46 °C
2024-12-07 23:22:00,4.46 °C
2024-12-07 23:37:00,4.32 °C
2024-12-07 23:52:00,4.74 °C
2024-12-08 00:07:00,6.96 °C
2024-12-08 00:22:00,6.96 °C
2024-12-08 00:37:00,4.32 °C
2024-12-08 00:53:00,4.32 °C
2024-12-08 01:08:00,4.32 °C
2024-12-08 01:23:00,4.32 °C
2024-12-08 01:38:00,4.32 °C
2024-12-08 01:53:00,4.32 °C
2024-12-08 02:08:00,4.26 °C
2024-12-08 02:24:00,4.98 °C
2024-12-08 02:39:00,4.97 °C
2024-12-08 02:54:00,3.71 °C
2024-12-08 03:09:00,3.58 °C
2024-12-08 03:24:00,3.1 °C
2024-12-08 03:39:00,3.1 °C
2024-12-08 03:55:00,3.63 °C
2024-12-08 04:10:00,3.88 °C
2024-12-08 04:25:00,3.07 °C
2024-12-08 04:40:00,2.47 °C
2024-12-08 04:55:00,2.41 °C
2024-12-08 05:10:00,1.88 °C
2024-12-08 05:26:00,1.6 °C
2024-12-08 05:41:00,1.4 °C
2024-12-08 05:56:00,1.49 °C
2024-12-08 06:11:00,1.33 °C
2024-12-08 06:26:00,0.99 °C
2024-12-08 06:41:00,4.08 °C
2024-12-08 06:56:00,1.51 °C
2024-12-08 07:12:00,2.94 °C
2024-12-08 07:27:00,2.79 °C
2024-12-08 07:42:00,2.81 °C
2024-12-08 07:57:00,3.8 °C
2024-12-08 08:12:00,4.08 °C
2024-12-08 08:27:00,4.61 °C
2024-12-08 08:43:00,5.01 °C
2024-12-08 08:58:00,5.57 °C
2024-12-08 09:13:00,5.87 °C
2024-12-08 09:28:00,7.03 °C
2024-12-08 09:43:00,7.03 °C
2024-12-08 09:59:00,7.23 °C
2024-12-08 10:14:00,6.45 °C
2024-12-08 10:29:00,7.32 °C
2024-12-08 10:44:00,7.15 °C
2024-12-08 10:59:00,7.14 °C
2024-12-08 11:14:00,7.14 °C
2024-12-08 11:30:00,7.71 °C
2024-12-08 11:45:00,7.67 °C
2024-12-08 12:00:00,7.18 °C
2024-12-08 12:15:00,7.72 °C
2024-12-08 12:30:00,7.23 °C
2024-12-08 12:45:00,7.27 °C
2024-12-08 13:01:00,7.28 °C
2024-12-08 13:16:00,7.28 °C
2024-12-08 13:31:00,7.28 °C
2024-12-08 13:46:00,7.28 °C
2024-12-08 14:01:00,7.28 °C
2024-12-08 14:16:00,7.12 °C
2024-12-08 14:32:00,7.55 °C
2024-12-08 14:47:00,5.72 °C
2024-12-08 15:02:00,6.96 °C
2024-12-08 15:17:00,5.29 °C
2024-12-08 15:32:00,5.1 °C
2024-12-08 15:47:00,6.83 °C
2024-12-08 16:02:00,5.52 °C
2024-12-08 16:18:00,5.41 °C
2024-12-08 16:33:00,5.49 °C
2024-12-08 16:48:00,6.8 °C
2024-12-08 17:03:00,5.41 °C
2024-12-08 17:18:00,5.41 °C
2024-12-08 17:33:00,5.41 °C
2024-12-08 17:49:00,5.85 °C
2024-12-08 18:04:00,5.86 °C
2024-12-08 18:19:00,5.93 °C
2024-12-08 18:34:00,5.5 °C
2024-12-08 18:49:00,5.94 °C
2024-12-08 19:04:00,5.94 °C
2024-12-08 19:20:00,5.94 °C
2024-12-08 19:35:00,5.5 °C
2024-12-08 19:50:00,5.5 °C
2024-12-08 20:05:00,5.5 °C
2024-12-08 20:20:00,6.39 °C
2024-12-08 20:36:00,6.41 °C
2024-12-08 20:51:00,6.86 °C
2024-12-08 21:06:00,5.98 °C
2024-12-08 21:21:00,5.54 °C
2024-12-08 21:36:00,5.54 °C
2024-12-08 21:52:00,5.63 °C
2024-12-08 22:07:00,5.67 °C
2024-12-08 22:22:00,6.07 °C
2024-12-08 22:37:00,6.06 °C
2024-12-08 22:52:00,6.06 °C
2024-12-08 23:08:00,6.06 °C
2024-12-08 23:23:00,6.06 °C
2024-12-08 23:38:00,6.06 °C
2024-12-08 23:53:00,6.06 °C
2024-12-09 00:08:00,6.06 °C
2024-12-09 00:23:00,6.09 °C
2024-12-09 00:39:00,6.1 °C
2024-12-09 00:54:00,6.09 °C
2024-12-09 02:01:00,6.52 °C
2024-12-09 02:16:00,6.52 °C
2024-12-09 02:31:00,6.52 °C
2024-12-09 02:46:00,5.97 °C
2024-12-09 03:01:00,5.97 °C
2024-12-09 03:17:00,4.79 °C
2024-12-09 03:32:00,5.97 °C
2024-12-09 03:47:00,5.97 °C
2024-12-09 04:02:00,6.08 °C
2024-12-09 04:17:00,6.05 °C
2024-12-09 04:32:00,6.05 °C
2024-12-09 04:47:00,5.97 °C
2024-12-09 05:03:00,5.53 °C
2024-12-09 05:18:00,5.53 °C
2024-12-09 05:33:00,5.53 °C
2024-12-09 05:48:00,5.53 °C
2024-12-09 06:03:00,5.52 °C
2024-12-09 06:18:00,4.74 °C
2024-12-09 06:34:00,5.53 °C
2024-12-09 06:49:00,4.74 °C
2024-12-09 07:04:00,5.49 °C
2024-12-09 07:19:00,5.49 °C
2024-12-09 07:34:00,5.49 °C
2024-12-09 07:49:00,4.97 °C
2024-12-09 08:05:00,4.97 °C
2024-12-09 08:20:00,4.97 °C
2024-12-09 08:35:00,5.05 °C
2024-12-09 08:50:00,5.05 °C
2024-12-09 09:05:00,5.05 °C
2024-12-09 09:20:00,5.05 °C
2024-12-09 09:36:00,5.04 °C
2024-12-09 09:51:00,5.05 °C
2024-12-09 10:06:00,5.05 °C
2024-12-09 10:21:00,5.05 °C
2024-12-09 10:36:00,5.05 °C
2024-12-09 10:51:00,5.05 °C
2024-12-09 11:06:00,5.05 °C
2024-12-09 11:07:00,5.05 °C
2024-12-09 11:22:00,5.05 °C
2024-12-09 11:37:00,5.05 °C
2024-12-09 11:52:00,5.06 °C
2024-12-09 12:07:00,4.66 °C
2024-12-09 12:22:00,5.58 °C
2024-12-09 12:37:00,5.59 °C
2024-12-09 12:53:00,5.58 °C
2024-12-09 13:08:00,5.58 °C
2024-12-09 13:23:00,5.58 °C
2024-12-09 13:38:00,5.57 °C
2024-12-09 13:53:00,5.57 °C
2024-12-09 14:08:00,5.57 °C
2024-12-09 14:24:00,5.12 °C
2024-12-09 14:39:00,5.12 °C
2024-12-09 14:54:00,5.02 °C
2024-12-09 15:09:00,5.49 °C
2024-12-09 15:24:00,5.05 °C
2024-12-09 15:39:00,4.61 °C
2024-12-09 15:55:00,4.6 °C
2024-12-09 16:10:00,5.04 °C
2024-12-09 16:25:00,5.04 °C
2024-12-09 16:40:00,5.05 °C
2024-12-09 16:55:00,4.97 °C
2024-12-09 17:10:00,4.62 °C
2024-12-09 17:26:00,4.33 °C
2024-12-09 17:41:00,4.21 °C
2024-12-09 17:56:00,4.09 °C
2024-12-09 18:11:00,4.09 °C
2024-12-09 18:26:00,4.09 °C
2024-12-09 18:41:00,4.09 °C
2024-12-09 18:57:00,4.07 °C
2024-12-09 19:12:00,4.07 °C
2024-12-09 19:27:00,4.07 °C
2024-12-09 19:42:00,4.07 °C
2024-12-09 19:57:00,4.07 °C
2024-12-09 20:12:00,4.07 °C
2024-12-09 20:27:00,4.07 °C
2024-12-09 20:28:00,4.07 °C
2024-12-09 20:43:00,4.07 °C
2024-12-09 20:58:00,4.07 °C
2024-12-09 21:13:00,4.07 °C
2024-12-09 21:28:00,4.07 °C
2024-12-09 21:44:00,4.07 °C
2024-12-09 21:59:00,4.07 °C
2024-12-09 22:14:00,4.48 °C
2024-12-09 22:30:00,4.47 °C
2024-12-09 22:45:00,4.47 °C
2024-12-09 23:00:00,4.47 °C
2024-12-09 23:15:00,4.47 °C
2024-12-09 23:31:00,4.47 °C
2024-12-09 23:46:00,4.47 °C
2024-12-10 00:01:00,4.47 °C
2024-12-10 00:16:00,4.47 °C
2024-12-10 00:31:00,4.46 °C
2024-12-10 00:46:00,4.47 °C
2024-12-10 01:02:00,4.08 °C
2024-12-10 01:20:00,4.47 °C
2024-12-10 01:35:00,4.48 °C
2024-12-10 01:50:00,4.48 °C
2024-12-10 02:06:00,4.48 °C
2024-12-10 02:21:00,4.59 °C
2024-12-10 02:36:00,4.19 °C
2024-12-10 02:51:00,4.21 °C
2024-12-10 03:06:00,4.19 °C
2024-12-10 03:21:00,4.19 °C
2024-12-10 03:36:00,4.07 °C
2024-12-10 03:52:00,4.09 °C
2024-12-10 04:07:00,4.5 °C
2024-12-10 04:22:00,4.5 °C
2024-12-10 04:37:00,4.5 °C
2024-12-10 04:52:00,4.61 °C
2024-12-10 05:07:00,4.5 °C
2024-12-10 05:23:00,4.5 °C
2024-12-10 05:38:00,4.61 °C
2024-12-10 05:53:00,4.61 °C
2024-12-10 06:08:00,4.62 °C
2024-12-10 06:23:00,4.6 °C
2024-12-10 06:38:00,4.61 °C
2024-12-10 06:54:00,4.61 °C
2024-12-10 07:09:00,4.61 °C
2024-12-10 07:24:00,4.62 °C
2024-12-10 07:39:00,4.62 °C
2024-12-10 07:54:00,4.62 °C
2024-12-10 08:09:00,4.65 °C
2024-12-10 08:25:00,4.76 °C
2024-12-10 08:40:00,4.75 °C
2024-12-10 08:55:00,5.2 °C
2024-12-10 09:10:00,5.31 °C
2024-12-10 09:25:00,5.2 °C
2024-12-10 09:40:00,5.32 °C
2024-12-10 09:56:00,4.92 °C
2024-12-10 10:11:00,5.04 °C
2024-12-10 10:26:00,5.34 °C
2024-12-10 10:41:00,5.42 °C
2024-12-10 10:56:00,5.34 °C
2024-12-10 11:11:00,5.32 °C
2024-12-10 11:26:00,5.32 °C
2024-12-10 11:42:00,5.32 °C
2024-12-10 11:57:00,5.32 °C
2024-12-10 12:12:00,5.32 °C
2024-12-10 12:27:00,5.32 °C
2024-12-10 12:42:00,5.42 °C
2024-12-10 12:57:00,5.45 °C
2024-12-10 13:13:00,5.34 °C
2024-12-10 13:28:00,5.32 °C
2024-12-10 13:43:00,5.32 °C
2024-12-10 13:58:00,4.9 °C
2024-12-10 14:13:00,4.9 °C
2024-12-10 14:28:00,4.78 °C
2024-12-10 14:44:00,4.78 °C
2024-12-10 14:59:00,4.76 °C
2024-12-10 15:14:00,4.76 °C
2024-12-10 15:29:00,4.76 °C
2024-12-10 15:44:00,4.76 °C
2024-12-10 15:59:00,4.76 °C
2024-12-10 16:15:00,4.24 °C
2024-12-10 16:30:00,4.24 °C
2024-12-10 16:45:00,4.24 °C
2024-12-10 17:00:00,4.24 °C
2024-12-10 17:15:00,4.64 °C
2024-12-10 17:30:00,4.62 °C
2024-12-10 17:46:00,4.62 °C
2024-12-10 18:01:00,4.21 °C
2024-12-10 18:16:00,4.21 °C
2024-12-10 18:31:00,4.21 °C
2024-12-10 18:47:00,4.21 °C
2024-12-10 19:02:00,4.21 °C
2024-12-10 19:17:00,4.21 °C
2024-12-10 19:32:00,4.21 °C
2024-12-10 19:47:00,4.21 °C
2024-12-10 20:03:00,4.21 °C
2024-12-10 20:18:00,4.21 °C
2024-12-10 20:33:00,4.2 °C
2024-12-10 20:48:00,4.21 °C
2024-12-10 21:03:00,4.22 °C
2024-12-10 21:19:00,4.21 °C
2024-12-10 21:34:00,4.21 °C
2024-12-10 21:49:00,4.21 °C
2024-12-10 22:04:00,4.21 °C
2024-12-10 22:19:00,4.21 °C
2024-12-10 22:34:00,4.21 °C
2024-12-10 22:50:00,4.21 °C
2024-12-10 23:05:00,4.21 °C
2024-12-10 23:20:00,4.21 °C
2024-12-10 23:35:00,4.21 °C
2024-12-10 23:50:00,4.2 °C
2024-12-11 00:05:00,4.21 °C
2024-12-11 00:21:00,4.21 °C
2024-12-11 00:36:00,3.68 °C
2024-12-11 00:51:00,3.65 °C
2024-12-11 01:06:00,3.68 °C
2024-12-11 01:21:00,3.68 °C
2024-12-11 01:36:00,3.68 °C
2024-12-11 01:52:00,3.68 °C
2024-12-11 02:07:00,3.68 °C
2024-12-11 02:22:00,3.68 °C
2024-12-11 02:37:00,3.68 °C
2024-12-11 02:52:00,3.68 °C
2024-12-11 03:07:00,3.66 °C
2024-12-11 03:23:00,3.66 °C
2024-12-11 03:38:00,3.66 °C
2024-12-11 03:53:00,3.66 °C
2024-12-11 04:08:00,3.66 °C
2024-12-11 04:23:00,3.66 °C
2024-12-11 04:38:00,3.66 °C
2024-12-11 04:54:00,3.65 °C
2024-12-11 05:09:00,3.65 °C
2024-12-11 05:24:00,3.65 °C
2024-12-11 05:39:00,3.65 °C
2024-12-11 05:54:00,3.65 °C
2024-12-11 06:09:00,3.65 °C
2024-12-11 06:25:00,3.65 °C
2024-12-11 06:40:00,3.65 °C
2024-12-11 06:55:00,3.65 °C
2024-12-11 07:10:00,3.65 °C
2024-12-11 07:25:00,3.65 °C
2024-12-11 07:40:00,3.24 °C
2024-12-11 07:55:00,3.65 °C
2024-12-11 07:56:00,3.65 °C
2024-12-11 08:11:00,3.65 °C
2024-12-11 08:26:00,3.64 °C
2024-12-11 08:41:00,3.67 °C
2024-12-11 08:56:00,3.68 °C
2024-12-11 09:11:00,3.68 °C
2024-12-11 09:26:00,3.65 °C
2024-12-11 09:42:00,3.65 °C
2024-12-11 09:57:00,3.75 °C
2024-12-11 10:12:00,3.81 °C
2024-12-11 10:27:00,3.81 °C
2024-12-11 10:42:00,3.69 °C
2024-12-11 10:57:00,3.67 °C
2024-12-11 11:13:00,3.67 °C
2024-12-11 11:28:00,3.68 °C
2024-12-11 11:43:00,3.79 °C
2024-12-11 11:58:00,3.79 °C
2024-12-11 12:13:00,3.79 °C
2024-12-11 12:28:00,3.76 °C
2024-12-11 12:44:00,3.76 °C
2024-12-11 12:59:00,3.76 °C
2024-12-11 13:14:00,3.76 °C
2024-12-11 13:29:00,3.24 °C
2024-12-11 13:44:00,3.24 °C
2024-12-11 13:59:00,3.24 °C
2024-12-11 14:15:00,3.24 °C
2024-12-11 14:30:00,3.12 °C
2024-12-11 14:45:00,3.12 °C
2024-12-11 15:00:00,3.12 °C
2024-12-11 15:15:00,3.12 °C
2024-12-11 15:30:00,3.12 °C
2024-12-11 15:46:00,3.1 °C
2024-12-11 16:01:00,3.09 °C
2024-12-11 16:16:00,2.68 °C
2024-12-11 16:31:00,2.68 °C
2024-12-11 16:46:00,2.68 °C
2024-12-11 17:01:00,2.68 °C
2024-12-11 17:17:00,2.68 °C
2024-12-11 17:32:00,2.56 °C
2024-12-11 17:47:00,2.54 °C
2024-12-11 18:02:00,2.54 °C
2024-12-11 18:17:00,2.56 °C
2024-12-11 18:32:00,2.54 °C
2024-12-11 18:48:00,2.56 °C
2024-12-11 19:03:00,2.43 °C
2024-12-11 19:18:00,2.54 °C
2024-12-11 19:33:00,2.54 °C
2024-12-11 19:48:00,2.54 °C
2024-12-11 20:03:00,2.54 °C
2024-12-11 20:19:00,2.54 °C
2024-12-11 20:34:00,2.54 °C
2024-12-11 20:49:00,2.54 °C
2024-12-11 21:04:00,2.43 °C
2024-12-11 21:19:00,2.54 °C
2024-12-11 21:34:00,2.53 °C
2024-12-11 21:50:00,2.53 °C
2024-12-11 22:05:00,2.42 °C
2024-12-11 22:20:00,2.42 °C
2024-12-11 22:35:00,2.53 °C
2024-12-11 22:50:00,2.53 °C
2024-12-11 23:05:00,2.53 °C
2024-12-11 23:21:00,2.53 °C
2024-12-11 23:36:00,2.53 °C
2024-12-11 23:51:00,2.54 °C
2024-12-12 00:06:00,2.54 °C
2024-12-12 00:21:00,2.54 °C
2024-12-12 00:36:00,2.54 °C
2024-12-12 00:51:00,2.95 °C
2024-12-12 01:07:00,2.54 °C
2024-12-12 01:22:00,2.54 °C
2024-12-12 01:37:00,2.54 °C
2024-12-12 01:52:00,2.54 °C
2024-12-12 02:07:00,2.54 °C
2024-12-12 02:23:00,2.53 °C
2024-12-12 02:38:00,2.65 °C
2024-12-12 02:53:00,2.65 °C
2024-12-12 03:08:00,2.63 °C
2024-12-12 03:23:00,2.61 °C
2024-12-12 03:38:00,2.65 °C
2024-12-12 03:54:00,2.63 °C
2024-12-12 04:09:00,2.63 °C
2024-12-12 04:24:00,2.65 °C
2024-12-12 04:39:00,2.63 °C
2024-12-12 04:54:00,2.63 °C
2024-12-12 05:09:00,2.63 °C
2024-12-12 05:24:00,2.62 °C
2024-12-12 05:40:00,2.62 °C
2024-12-12 05:55:00,3.08 °C
2024-12-12 06:10:00,3.09 °C
2024-12-12 06:25:00,3.09 °C
2024-12-12 06:40:00,3.09 °C
2024-12-12 06:55:00,3.08 °C
2024-12-12 07:11:00,3.09 °C
2024-12-12 07:26:00,3.08 °C
2024-12-12 07:41:00,2.99 °C
2024-12-12 07:56:00,3.19 °C
2024-12-12 08:11:00,3.19 °C
2024-12-12 08:26:00,3.19 °C
2024-12-12 08:42:00,3.19 °C
2024-12-12 08:57:00,3.19 °C
2024-12-12 09:12:00,3.2 °C
2024-12-12 09:27:00,3.2 °C
2024-12-12 09:42:00,3.24 °C
2024-12-12 09:57:00,3.64 °C
2024-12-12 10:13:00,3.65 °C
2024-12-12 10:28:00,3.65 °C
2024-12-12 10:43:00,4.07 °C
2024-12-12 10:58:00,3.76 °C
2024-12-12 11:13:00,3.78 °C
2024-12-12 11:28:00,3.78 °C
2024-12-12 11:44:00,3.78 °C
2024-12-12 11:59:00,3.78 °C
2024-12-12 12:14:00,3.78 °C
2024-12-12 12:29:00,3.78 °C
2024-12-12 12:44:00,3.78 °C
2024-12-12 12:59:00,3.78 °C
2024-12-12 13:15:00,3.78 °C
2024-12-12 13:30:00,3.78 °C
2024-12-12 13:45:00,3.76 °C
2024-12-12 14:00:00,3.78 °C
2024-12-12 14:15:00,3.76 °C
2024-12-12 14:30:00,3.76 °C
2024-12-12 14:46:00,3.76 °C
2024-12-12 15:01:00,3.76 °C
2024-12-12 15:16:00,3.65 °C
2024-12-12 15:31:00,3.65 °C
2024-12-12 15:46:00,3.23 °C
2024-12-12 16:01:00,3.24 °C
2024-12-12 16:17:00,3.24 °C
2024-12-12 16:32:00,3.24 °C
2024-12-12 16:47:00,3.22 °C
2024-12-12 17:02:00,3.22 °C
2024-12-12 17:17:00,3.1 °C
2024-12-12 17:32:00,3.1 °C
2024-12-12 17:47:00,3.11 °C
2024-12-12 18:03:00,3.11 °C
2024-12-12 18:18:00,3.1 °C
2024-12-12 18:33:00,3.1 °C
2024-12-12 18:48:00,3.1 °C
2024-12-12 19:03:00,3.1 °C
2024-12-12 19:18:00,3.1 °C
2024-12-12 19:34:00,3.1 °C
2024-12-12 19:49:00,3.1 °C
2024-12-12 20:04:00,2.68 °C
2024-12-12 20:19:00,2.68 °C
2024-12-12 20:34:00,2.68 °C
2024-12-12 20:49:00,2.57 °C
2024-12-12 21:05:00,2.57 °C
2024-12-12 21:20:00,2.57 °C
2024-12-12 21:35:00,2.57 °C
2024-12-12 21:50:00,2.57 °C
2024-12-12 22:05:00,2.57 °C
2024-12-12 22:20:00,2.57 °C
2024-12-12 22:36:00,2.57 °C
2024-12-12 22:51:00,2.68 °C
2024-12-12 23:06:00,2.57 °C
2024-12-12 23:21:00,2.57 °C
2024-12-12 23:36:00,2.68 °C
2024-12-12 23:52:00,2.7 °C
2024-12-13 00:07:00,2.7 °C
2024-12-13 00:22:00,2.68 °C
2024-12-13 00:37:00,2.68 °C
2024-12-13 00:52:00,2.68 °C
2024-12-13 01:07:00,2.68 °C
2024-12-13 01:22:00,2.68 °C
2024-12-13 01:38:00,2.7 °C
2024-12-13 01:53:00,2.68 °C
2024-12-13 02:08:00,2.7 °C
2024-12-13 02:23:00,2.68 °C
2024-12-13 02:38:00,2.67 °C
2024-12-13 02:53:00,2.56 °C
2024-12-13 03:09:00,2.56 °C
2024-12-13 03:24:00,2.56 °C
2024-12-13 03:39:00,2.56 °C
2024-12-13 03:54:00,2.56 °C
2024-12-13 04:09:00,2.56 °C
2024-12-13 04:24:00,2.56 °C
2024-12-13 04:40:00,2.56 °C
2024-12-13 04:55:00,2.56 °C
2024-12-13 05:10:00,2.56 °C
2024-12-13 05:25:00,2.56 °C
2024-12-13 05:40:00,2.56 °C
2024-12-13 05:55:00,2.56 °C
2024-12-13 06:11:00,2.56 °C
2024-12-13 06:26:00,2.98 °C
2024-12-13 06:41:00,2.98 °C
2024-12-13 06:56:00,2.98 °C
2024-12-13 07:11:00,2.98 °C
2024-12-13 07:26:00,2.99 °C
2024-12-13 07:42:00,2.99 °C
2024-12-13 07:57:00,3.21 °C
2024-12-13 08:12:00,3.1 °C
2024-12-13 08:27:00,2.98 °C
2024-12-13 08:42:00,2.98 °C
2024-12-13 08:57:00,3.1 °C
2024-12-13 09:12:00,3.12 °C
2024-12-13 09:28:00,3.53 °C
2024-12-13 09:43:00,3.53 °C
2024-12-13 09:58:00,3.53 °C
2024-12-13 10:13:00,3.53 °C
2024-12-13 10:28:00,3.53 °C
2024-12-13 10:43:00,3.64 °C
2024-12-13 10:59:00,3.53 °C
2024-12-13 11:14:00,4.09 °C
2024-12-13 11:29:00,4.36 °C
2024-12-13 11:44:00,4.18 °C
2024-12-13 11:59:00,4.7 °C
2024-12-13 12:14:00,4.7 °C
2024-12-13 12:30:00,4.68 °C
2024-12-13 12:45:00,4.29 °C
2024-12-13 13:00:00,4.06 °C
2024-12-13 13:15:00,4.06 °C
2024-12-13 13:30:00,4.06 °C
2024-12-13 13:45:00,4.06 °C
2024-12-13 14:01:00,4.06 °C
2024-12-13 14:16:00,4.06 °C
2024-12-13 14:31:00,3.95 °C
2024-12-13 14:46:00,3.53 °C
2024-12-13 15:01:00,3.53 °C
2024-12-13 15:16:00,3.76 °C
2024-12-13 15:32:00,3.53 °C
2024-12-13 15:47:00,3.65 °C
2024-12-13 16:02:00,3.53 °C
2024-12-13 16:17:00,3.53 °C
2024-12-13 16:32:00,3.53 °C
2024-12-13 16:47:00,3.51 °C
2024-12-13 17:02:00,3.51 °C
2024-12-13 17:03:00,3.51 °C
2024-12-13 17:18:00,3.51 °C
2024-12-13 17:33:00,3.51 °C
2024-12-13 17:48:00,3.37 °C
2024-12-13 18:03:00,2.86 °C
2024-12-13 18:18:00,2.8 °C
2024-12-13 18:33:00,2.8 °C
2024-12-13 18:49:00,2.78 °C
2024-12-13 19:04:00,2.65 °C
2024-12-13 19:19:00,2.29 °C
2024-12-13 19:34:00,2.09 °C
2024-12-13 19:49:00,2.09 °C
2024-12-13 20:04:00,0.98 °C
2024-12-13 20:20:00,1.54 °C
2024-12-13 20:35:00,1.18 °C
2024-12-13 20:50:00,1.1 °C
2024-12-13 21:05:00,0.57 °C
2024-12-13 21:20:00,0.57 °C
2024-12-13 21:35:00,0.15 °C
2024-12-13 21:51:00,0.15 °C
2024-12-13 22:06:00,0.03 °C
2024-12-13 22:21:00,-0.4 °C
2024-12-13 22:36:00,-0.7 °C
2024-12-13 22:51:00,-0.7 °C
2024-12-13 23:07:00,-0.81 °C
2024-12-13 23:22:00,-0.81 °C
2024-12-13 23:37:00,0.05 °C
2024-12-13 23:52:00,0.05 °C
2024-12-14 00:07:00,0.05 °C
2024-12-14 00:22:00,0.05 °C
2024-12-14 00:38:00,-0.72 °C
2024-12-14 00:53:00,-0.72 °C
2024-12-14 01:08:00,-1.14 °C
2024-12-14 01:23:00,-1.14 °C
2024-12-14 01:38:00,-1.49 °C
2024-12-14 01:53:00,-1.49 °C
2024-12-14 02:08:00,-0.96 °C
2024-12-14 02:24:00,-0.96 °C
2024-12-14 02:39:00,-0.45 °C
2024-12-14 02:54:00,-0.42 °C
2024-12-14 03:09:00,0.11 °C
2024-12-14 03:24:00,0.37 °C
2024-12-14 03:39:00,0.14 °C
2024-12-14 03:55:00,0.14 °C
2024-12-14 04:10:00,0.15 °C
2024-12-14 04:25:00,0.15 °C
2024-12-14 04:40:00,-0.38 °C
2024-12-14 04:55:00,-0.38 °C
2024-12-14 05:10:00,-0.38 °C
2024-12-14 05:26:00,-0.87 °C
2024-12-14 05:41:00,-0.87 °C
2024-12-14 05:56:00,-0.87 °C
2024-12-14 06:11:00,-0.87 °C
2024-12-14 06:26:00,-0.87 °C
2024-12-14 06:41:00,-1.39 °C
2024-12-14 06:57:00,-1.39 °C
2024-12-14 07:12:00,-1.09 °C
2024-12-14 07:27:00,-1.2 °C
2024-12-14 07:42:00,-1.09 °C
2024-12-14 07:57:00,-1.09 °C
2024-12-14 08:12:00,-0.35 °C
2024-12-14 08:28:00,0.03 °C
2024-12-14 08:43:00,2.97 °C
2024-12-14 08:58:00,3.56 °C
2024-12-14 09:13:00,4.67 °C
2024-12-14 09:28:00,0.77 °C
2024-12-14 09:43:00,1.33 °C
2024-12-14 09:58:00,1.32 °C
2024-12-14 09:59:00,1.32 °C
2024-12-14 10:14:00,1.87 °C
2024-12-14 10:29:00,3.82 °C
2024-12-14 10:44:00,2.96 °C
2024-12-14 10:59:00,3.5 °C
2024-12-14 11:14:00,4.02 °C
2024-12-14 11:29:00,4.27 °C
2024-12-14 11:45:00,3.92 °C
2024-12-14 12:00:00,3.54 °C
2024-12-14 12:15:00,3.54 °C
2024-12-14 12:30:00,3.94 °C
2024-12-14 12:45:00,4.28 °C
2024-12-14 13:00:00,4.78 °C
2024-12-14 13:16:00,5.19 °C
2024-12-14 13:31:00,5.14 °C
2024-12-14 13:46:00,5.1 °C
2024-12-14 14:01:00,5.35 °C
2024-12-14 14:16:00,5.08 °C
2024-12-14 14:31:00,4.59 °C
2024-12-14 14:47:00,4.84 °C
2024-12-14 15:02:00,3.18 °C
2024-12-14 15:17:00,3.18 °C
2024-12-14 15:32:00,4.29 °C
2024-12-14 15:47:00,4.06 °C
2024-12-14 16:02:00,2.65 °C
2024-12-14 16:18:00,2.52 °C
2024-12-14 16:33:00,2.26 °C
2024-12-14 16:48:00,2.26 °C
2024-12-14 17:03:00,2.52 °C
2024-12-14 17:18:00,2.51 °C
2024-12-14 17:33:00,2.41 °C
2024-12-14 17:49:00,2.4 °C
2024-12-14 18:04:00,2.5 °C
2024-12-14 18:19:00,2.5 °C
2024-12-14 18:34:00,2.3 °C
2024-12-14 18:49:00,2.5 °C
2024-12-14 19:04:00,2.5 °C
2024-12-14 19:20:00,2.49 °C
2024-12-14 19:35:00,2.32 °C
2024-12-14 19:50:00,2.52 °C
2024-12-14 20:05:00,2.07 °C
2024-12-14 20:20:00,2.06 °C
2024-12-14 20:35:00,2.5 °C
2024-12-14 20:51:00,2.5 °C
2024-12-14 21:06:00,2.24 °C
2024-12-14 21:21:00,2.72 °C
2024-12-14 21:36:00,2.72 °C
2024-12-14 21:51:00,3.05 °C
2024-12-14 22:06:00,3.05 °C
2024-12-14 22:21:00,2.87 °C
2024-12-14 22:37:00,2.88 °C
2024-12-14 22:52:00,2.88 °C
2024-12-14 23:07:00,3.28 °C
2024-12-14 23:22:00,3.49 °C
2024-12-14 23:37:00,3.5 °C
2024-12-14 23:52:00,3.52 °C
2024-12-15 00:08:00,3.52 °C
2024-12-15 00:23:00,3.51 °C
2024-12-15 00:38:00,3.52 °C
2024-12-15 00:53:00,3.63 °C
2024-12-15 01:08:00,3.43 °C
2024-12-15 01:23:00,3.45 °C
2024-12-15 01:39:00,3.46 °C
2024-12-15 01:54:00,3.45 °C
2024-12-15 02:09:00,4.11 °C
2024-12-15 02:24:00,3.31 °C
2024-12-15 02:39:00,4.11 °C
2024-12-15 02:54:00,2.99 °C
2024-12-15 03:10:00,2.99 °C
2024-12-15 03:25:00,2.99 °C
2024-12-15 03:40:00,2.99 °C
2024-12-15 03:55:00,2.99 °C
2024-12-15 04:10:00,3.28 °C
2024-12-15 04:25:00,3.4 °C
2024-12-15 04:41:00,3.42 °C
2024-12-15 04:56:00,3.43 °C
2024-12-15 05:11:00,3.42 °C
2024-12-15 05:26:00,2.99 °C
2024-12-15 05:41:00,2.47 °C
2024-12-15 05:56:00,2.43 °C
2024-12-15 06:11:00,2.41 °C
2024-12-15 06:12:00,2.41 °C
2024-12-15 06:27:00,2.41 °C
2024-12-15 06:42:00,2.85 °C
2024-12-15 06:57:00,2.86 °C
2024-12-15 07:12:00,3.28 °C
2024-12-15 07:27:00,2.99 °C
2024-12-15 07:42:00,3.28 °C
2024-12-15 07:58:00,3.28 °C
2024-12-15 08:13:00,3.83 °C
2024-12-15 08:28:00,3.83 °C
2024-12-15 08:43:00,4.07 °C
2024-12-15 08:58:00,4.07 °C
2024-12-15 09:13:00,4.07 °C
2024-12-15 09:29:00,4.43 °C
2024-12-15 09:44:00,4.37 °C
2024-12-15 09:59:00,4.38 °C
2024-12-15 10:14:00,4.13 °C
2024-12-15 10:29:00,4.69 °C
2024-12-15 10:44:00,4.67 °C
2024-12-15 11:00:00,5.24 °C
2024-12-15 11:15:00,5.26 °C
2024-12-15 11:30:00,5.25 °C
2024-12-15 11:45:00,5.5 °C
2024-12-15 12:00:00,5.5 °C
2024-12-15 12:16:00,5.95 °C
2024-12-15 12:31:00,5.95 °C
2024-12-15 12:46:00,5.51 °C
2024-12-15 13:01:00,5.57 °C
2024-12-15 13:16:00,5.31 °C
2024-12-15 13:31:00,5.31 °C
2024-12-15 13:47:00,5.8 °C
2024-12-15 14:02:00,5.8 °C
2024-12-15 14:17:00,5.8 °C
2024-12-15 14:32:00,5.83 °C
2024-12-15 14:47:00,6.11 °C
2024-12-15 15:02:00,6.09 °C
2024-12-15 15:18:00,6.08 °C
2024-12-15 15:33:00,6.06 °C
2024-12-15 15:48:00,6.06 °C
2024-12-15 16:03:00,6.05 °C
2024-12-15 16:18:00,5.99 °C
2024-12-15 16:33:00,6.2 °C
2024-12-15 16:49:00,6.42 °C
2024-12-15 17:04:00,6.31 °C
2024-12-15 17:19:00,6.47 °C
2024-12-15 17:34:00,6.47 °C
2024-12-15 17:49:00,6.63 °C
2024-12-15 18:04:00,6.53 °C
2024-12-15 18:20:00,6.87 °C
2024-12-15 18:35:00,6.87 °C
2024-12-15 18:50:00,6.87 °C
2024-12-15 19:05:00,6.96 °C
2024-12-15 19:20:00,7.07 °C
2024-12-15 19:36:00,6.87 °C
2024-12-15 19:51:00,6.98 °C
2024-12-15 20:06:00,6.98 °C
2024-12-15 20:21:00,6.98 °C
2024-12-15 20:36:00,6.98 °C
2024-12-15 20:52:00,7.07 °C
2024-12-15 21:07:00,7.07 °C
2024-12-15 21:22:00,6.74 °C
2024-12-15 21:37:00,6.76 °C
2024-12-15 21:52:00,6.64 °C
2024-12-15 22:07:00,6.54 °C
2024-12-15 22:23:00,6.54 °C
2024-12-15 22:38:00,6.48 °C
2024-12-15 22:53:00,6.48 °C
2024-12-15 23:08:00,6.47 °C
2024-12-15 23:24:00,6.89 °C
2024-12-15 23:39:00,7.08 °C
2024-12-15 23:54:00,7.07 °C
2024-12-16 00:09:00,7.03 °C
2024-12-16 00:24:00,7.02 °C
2024-12-16 00:39:00,7.15 °C
2024-12-16 00:55:00,7.71 °C
2024-12-16 07:12:00,7.87 °C
2024-12-16 07:13:00,7.87 °C
2024-12-16 07:14:00,7.87 °C
2024-12-16 07:29:00,7.74 °C
2024-12-16 07:44:00,7.87 °C
2024-12-16 07:59:00,7.87 °C
2024-12-16 08:14:00,8.28 °C
2024-12-16 08:30:00,8.28 °C
2024-12-16 08:45:00,8.3 °C
2024-12-16 09:00:00,8.31 °C
2024-12-16 09:15:00,8.33 °C
2024-12-16 09:30:00,8.74 °C
2024-12-16 09:45:00,8.74 °C
2024-12-16 10:00:00,8.36 °C
2024-12-16 10:16:00,8.88 °C
2024-12-16 10:31:00,8.87 °C
2024-12-16 10:46:00,8.84 °C
2024-12-16 11:01:00,8.91 °C
2024-12-16 11:16:00,8.96 °C
2024-12-16 11:31:00,8.97 °C
2024-12-16 11:47:00,10.39 °C
2024-12-16 12:02:00,10.46 °C
2024-12-16 12:17:00,10.49 °C
2024-12-16 12:32:00,10.5 °C
2024-12-16 12:47:00,9.92 °C
2024-12-16 13:02:00,9.92 °C
2024-12-16 13:18:00,10.43 °C
2024-12-16 13:33:00,10.43 °C
2024-12-16 13:48:00,10.43 °C
2024-12-16 14:03:00,10.43 °C
2024-12-16 14:18:00,10.43 °C
2024-12-16 14:33:00,10.58 °C
2024-12-16 14:49:00,10.58 °C
2024-12-16 15:04:00,10.64 °C
2024-12-16 15:19:00,10.56 °C
2024-12-16 15:34:00,10.27 °C
2024-12-16 15:49:00,8.94 °C
2024-12-16 16:04:00,8.93 °C
2024-12-16 16:20:00,8.97 °C
2024-12-16 16:35:00,8.75 °C
2024-12-16 16:50:00,8.64 °C
2024-12-16 17:05:00,8.65 °C
2024-12-16 17:20:00,8.63 °C
2024-12-16 17:35:00,8.62 °C
2024-12-16 17:50:00,8.73 °C
2024-12-16 18:06:00,8.73 °C
2024-12-16 18:21:00,8.62 °C
2024-12-16 18:36:00,8.64 °C
2024-12-16 18:51:00,7.86 °C
2024-12-16 19:06:00,7.98 °C
2024-12-16 19:21:00,7.98 °C
2024-12-16 19:37:00,7.98 °C
2024-12-16 19:52:00,7.97 °C
2024-12-16 20:07:00,7.96 °C
2024-12-16 20:22:00,7.97 °C
2024-12-16 20:37:00,7.96 °C
2024-12-16 20:52:00,7.97 °C
2024-12-16 21:08:00,7.97 °C
2024-12-16 21:23:00,7.97 °C
2024-12-16 21:38:00,7.42 °C
2024-12-16 21:53:00,7.42 °C
2024-12-16 22:08:00,7.42 °C
2024-12-16 22:23:00,7.42 °C
2024-12-16 22:39:00,7.86 °C
2024-12-16 22:54:00,8.06 °C
2024-12-16 23:09:00,8.06 °C
2024-12-16 23:24:00,8.06 °C
2024-12-16 23:39:00,8.06 °C
2024-12-16 23:54:00,7.97 °C
2024-12-16 23:55:00,7.97 °C
2024-12-17 00:10:00,7.6 °C
2024-12-17 00:25:00,7.62 °C
2024-12-17 00:40:00,7.62 °C
2024-12-17 00:55:00,7.62 °C
2024-12-17 01:10:00,7.83 °C
2024-12-17 01:25:00,7.83 °C
2024-12-17 01:41:00,7.62 °C
2024-12-17 01:56:00,7.82 °C
2024-12-17 02:11:00,7.82 °C
2024-12-17 02:26:00,7.84 °C
2024-12-17 02:41:00,7.81 °C
2024-12-17 02:56:00,7.48 °C
2024-12-17 03:12:00,7.48 °C
2024-12-17 03:27:00,7.48 °C
2024-12-17 03:42:00,7.48 °C
2024-12-17 03:57:00,7.07 °C
2024-12-17 04:12:00,7.07 °C
2024-12-17 04:27:00,7.07 °C
2024-12-17 04:43:00,7.28 °C
2024-12-17 04:58:00,7.28 °C
2024-12-17 05:13:00,7.29 °C
2024-12-17 05:28:00,7.09 °C
2024-12-17 05:43:00,7.08 °C
2024-12-17 05:58:00,7.3 °C
2024-12-17 06:14:00,7.09 °C
2024-12-17 06:29:00,7.09 °C
2024-12-17 06:44:00,7.09 °C
2024-12-17 06:59:00,7.09 °C
2024-12-17 07:14:00,7.09 °C
2024-12-17 07:29:00,7.1 °C
2024-12-17 07:45:00,7.1 °C
2024-12-17 08:00:00,7.1 °C
2024-12-17 08:15:00,7.4 °C
2024-12-17 08:30:00,7.5 °C
2024-12-17 08:45:00,7.5 °C
2024-12-17 09:00:00,7.5 °C
2024-12-17 09:15:00,7.82 °C
2024-12-17 09:31:00,7.72 °C
2024-12-17 09:46:00,7.82 °C
2024-12-17 10:01:00,7.8 °C
2024-12-17 10:16:00,8.25 °C
2024-12-17 10:31:00,8.36 °C
2024-12-17 10:46:00,8.36 °C
2024-12-17 11:02:00,8.12 °C
2024-12-17 11:17:00,8.43 °C
2024-12-17 11:32:00,8.53 °C
2024-12-17 11:47:00,8.8 °C
2024-12-17 12:02:00,8.34 °C
2024-12-17 12:17:00,8.55 °C
2024-12-17 12:33:00,8.45 °C
2024-12-17 12:48:00,8.45 °C
2024-12-17 13:03:00,8.45 °C
2024-12-17 13:18:00,8.36 °C
2024-12-17 13:33:00,8.36 °C
2024-12-17 13:48:00,8.36 °C
2024-12-17 14:04:00,8.27 °C
2024-12-17 14:19:00,7.62 °C
2024-12-17 14:34:00,7.95 °C
2024-12-17 14:49:00,7.95 °C
2024-12-17 15:04:00,7.95 °C
2024-12-17 15:19:00,7.64 °C
2024-12-17 15:34:00,7.53 °C
2024-12-17 15:35:00,7.53 °C
2024-12-17 15:50:00,7.53 °C
2024-12-17 16:05:00,7.53 °C
2024-12-17 16:20:00,7.53 °C
2024-12-17 16:35:00,7.53 °C
2024-12-17 16:50:00,7.53 °C
2024-12-17 17:05:00,7.51 °C
2024-12-17 17:21:00,7.51 °C
2024-12-17 17:36:00,7.51 °C
2024-12-17 17:51:00,7.51 °C
2024-12-17 18:06:00,7.4 °C
2024-12-17 18:21:00,7.4 °C
2024-12-17 18:36:00,7.42 °C
2024-12-17 18:52:00,7.39 °C
2024-12-17 19:07:00,6.96 °C
2024-12-17 19:22:00,6.95 °C
2024-12-17 19:37:00,6.93 °C
2024-12-17 19:52:00,6.78 °C
2024-12-17 20:07:00,6.77 °C
2024-12-17 20:23:00,6.76 °C
2024-12-17 20:38:00,6.34 °C
2024-12-17 20:53:00,6.35 °C
2024-12-17 21:08:00,6.35 °C
2024-12-17 21:23:00,6.35 °C
2024-12-17 21:38:00,5.99 °C
2024-12-17 21:54:00,5.93 °C
2024-12-17 22:09:00,5.82 °C
2024-12-17 22:24:00,5.82 °C
2024-12-17 22:39:00,5.94 °C
2024-12-17 22:54:00,5.61 °C
2024-12-17 23:09:00,5.45 °C
2024-12-17 23:25:00,5.38 °C
2024-12-17 23:40:00,5.38 °C
2024-12-17 23:55:00,5.38 °C
2024-12-18 00:10:00,5.38 °C
2024-12-18 00:25:00,5.59 °C
2024-12-18 00:40:00,5.59 °C
2024-12-18 00:56:00,5.14 °C
2024-12-18 01:11:00,5.14 °C
2024-12-18 01:26:00,5.03 °C
2024-12-18 01:41:00,5.03 °C
2024-12-18 01:56:00,5.03 °C
2024-12-18 02:11:00,5.03 °C
2024-12-18 02:27:00,4.71 °C
2024-12-18 02:42:00,4.71 °C
2024-12-18 02:57:00,4.31 °C
2024-12-18 03:12:00,4.12 °C
2024-12-18 03:27:00,3.89 °C
2024-12-18 03:42:00,3.86 °C
2024-12-18 03:57:00,3.86 °C
2024-12-18 04:13:00,4.07 °C
2024-12-18 04:28:00,3.85 °C
2024-12-18 04:43:00,4.32 °C
2024-12-18 04:58:00,4.52 °C
2024-12-18 05:13:00,4.52 °C
2024-12-18 05:28:00,4.26 °C
2024-12-18 05:44:00,4.31 °C
2024-12-18 05:59:00,5.07 °C
2024-12-18 06:14:00,5.41 °C
2024-12-18 06:29:00,5.41 °C
2024-12-18 06:44:00,5.44 °C
2024-12-18 06:59:00,5.34 °C
2024-12-18 07:15:00,5.19 °C
2024-12-18 07:30:00,5.28 °C
2024-12-18 07:45:00,5.18 °C
2024-12-18 08:00:00,5.14 °C
2024-12-18 08:15:00,5.49 °C
2024-12-18 08:30:00,5.25 °C
2024-12-18 08:46:00,5.52 °C
2024-12-18 09:01:00,5.72 °C
2024-12-18 09:16:00,6.17 °C
2024-12-18 09:31:00,6.62 °C
2024-12-18 09:46:00,7.02 °C
2024-12-18 10:01:00,7.13 °C
2024-12-18 10:16:00,7.51 °C
2024-12-18 10:17:00,7.51 °C
2024-12-18 10:32:00,8.54 °C
2024-12-18 10:47:00,9.59 °C
2024-12-18 11:02:00,9.53 °C
2024-12-18 11:17:00,10.09 °C
2024-12-18 11:32:00,9.69 °C
2024-12-18 11:47:00,9.67 °C
2024-12-18 12:03:00,9.84 °C
2024-12-18 12:18:00,10.1 °C
2024-12-18 12:33:00,10.15 °C
2024-12-18 12:48:00,9.79 °C
2024-12-18 13:03:00,10.38 °C
2024-12-18 13:18:00,10.84 °C
2024-12-18 13:34:00,10.67 °C
2024-12-18 13:49:00,10.63 °C
2024-12-18 14:04:00,12.39 °C
2024-12-18 14:19:00,12.4 °C
2024-12-18 14:34:00,10.63 °C
2024-12-18 14:49:00,10.21 °C
2024-12-18 15:05:00,10.21 °C
2024-12-18 15:20:00,10.51 °C
2024-12-18 15:35:00,10.97 °C
2024-12-18 15:50:00,10.84 °C
2024-12-18 16:05:00,10.85 °C
2024-12-18 16:20:00,10.76 °C
2024-12-18 16:36:00,9.04 °C
2024-12-18 16:51:00,11.55 °C
2024-12-18 17:06:00,11.54 °C
2024-12-18 17:21:00,11.54 °C
2024-12-18 17:36:00,8.75 °C
2024-12-18 17:51:00,8.26 °C
2024-12-18 18:06:00,8.19 °C
2024-12-18 18:07:00,8.19 °C
2024-12-18 18:22:00,8.19 °C
2024-12-18 18:37:00,8.19 °C
2024-12-18 18:52:00,8.13 °C
2024-12-18 19:07:00,8.13 °C
2024-12-18 19:22:00,8.13 °C
2024-12-18 19:37:00,8.62 °C
2024-12-18 19:53:00,8.62 °C
2024-12-18 20:08:00,8.62 °C
2024-12-18 20:23:00,8.68 °C
2024-12-18 20:38:00,8.49 °C
2024-12-18 20:53:00,9.6 °C
2024-12-18 21:08:00,10.15 °C
2024-12-18 21:24:00,8.64 °C
